ROI,Signal_Type,Stimulus,Behavioral_Variable,Spearman_rho,p_value,n,p_fdr,sig_uncorrected,sig_fdr
dmPFC,HbO,Zima,MW_state_SART,-0.30479801379130944,0.002971807616218021,93,0.008915422848654063,TRUE,TRUE
dmPFC,HbO,Zima,MW_trait_total,-0.027701532930702755,0.7921024617855864,93,0.8661004331602489,FALSE,FALSE
dmPFC,HbO,Zima,Accuracy,-0.028044988240255708,0.7941796454622093,89,0.9415285667818696,FALSE,FALSE
dmPFC,HbO,Zima,MW_Ratio,-0.04489548006124159,0.6796735183487066,87,0.7707996635266474,FALSE,FALSE
dmPFC,HbO,Zima,Loneliness,0.010011312861464314,0.9241224322455578,93,0.9241224322455578,FALSE,FALSE
dmPFC,HbO,Zima,AQ10_scored,0.08726376925889447,0.40555121163476826,93,0.9195621051313181,FALSE,FALSE
dmPFC,HbO,Zima,PHQ9_total,-0.02697723907369616,0.7974202511665167,93,0.7974202511665167,FALSE,FALSE
dmPFC,HbO,Zima,GAD_total,-0.009802959789722001,0.9256970332600345,93,0.9608195413409205,FALSE,FALSE
dmPFC,HbO,Zima,SIAS_total,-0.07207242166113804,0.4923760413641648,93,0.7328000740371979,FALSE,FALSE
dmPFC,HbO,Zima,WHO_5_total,-0.06546121636326308,0.5330109518320343,93,0.7617060235060786,FALSE,FALSE
dmPFC,HbO,Zima,ASRS_total,-0.07082448139247523,0.49991914236291546,93,0.8154088202445868,FALSE,FALSE
dmPFC,HbO,Zima,Mindwandering_Zima,-0.21049401822423586,0.044008716147239085,92,0.11522864003510914,TRUE,FALSE
dmPFC,HbO,Splitscreen,MW_state_SART,0.022352266646394375,0.8244158000576045,101,0.8244158000576045,FALSE,FALSE
dmPFC,HbO,Splitscreen,MW_trait_total,0.13680038840839606,0.1725245522517639,101,0.5175736567552918,FALSE,FALSE
dmPFC,HbO,Splitscreen,Accuracy,-0.04651460516737366,0.6492464450077553,98,0.8532571657185084,FALSE,FALSE
dmPFC,HbO,Splitscreen,MW_Ratio,0.1286246880223627,0.21168484648236832,96,0.7340127548328927,FALSE,FALSE
dmPFC,HbO,Splitscreen,Loneliness,0.10053658225892727,0.3171455530240729,101,0.6342911060481458,FALSE,FALSE
dmPFC,HbO,Splitscreen,AQ10_scored,0.03429008228399587,0.7335389577865222,101,0.9678669433526481,FALSE,FALSE
dmPFC,HbO,Splitscreen,PHQ9_total,0.17285911988352007,0.0838758424936229,101,0.5032550549617374,FALSE,FALSE
dmPFC,HbO,Splitscreen,GAD_total,0.14636697609892202,0.14414210600283697,101,0.6726873818603045,FALSE,FALSE
dmPFC,HbO,Splitscreen,SIAS_total,0.059717770426994055,0.5530368412879604,101,0.8243908911790335,FALSE,FALSE
dmPFC,HbO,Splitscreen,WHO_5_total,-0.12557904296252032,0.2108232886024757,101,0.6699542569184906,FALSE,FALSE
dmPFC,HbO,Splitscreen,ASRS_total,0.17975194288388313,0.07206939380418599,101,0.10902866000969522,FALSE,FALSE
dmPFC,HbO,Splitscreen,Mindwandering_Splitscreen,0.05187464326352213,0.6119544383284969,98,0.9322352968241014,FALSE,FALSE
lTPJ,HbO,Zima,MW_state_SART,-0.06373029150006991,0.5529571905721322,89,0.5662450372204975,FALSE,FALSE
lTPJ,HbO,Zima,MW_trait_total,-0.048090866521354546,0.6544896677325343,89,0.8661004331602489,FALSE,FALSE
lTPJ,HbO,Zima,Accuracy,0.07391988180714286,0.503973618653,84,0.9415285667818696,FALSE,FALSE
lTPJ,HbO,Zima,MW_Ratio,0.13188960878816908,0.23754547523645894,82,0.7707996635266474,FALSE,FALSE
lTPJ,HbO,Zima,Loneliness,-0.0835952805042399,0.43606670750654875,89,0.9241224322455578,FALSE,FALSE
lTPJ,HbO,Zima,AQ10_scored,-0.08914069640519776,0.40613239296909864,89,0.9195621051313181,FALSE,FALSE
lTPJ,HbO,Zima,PHQ9_total,-0.08426186137613521,0.4324037709161357,89,0.7849220105121814,FALSE,FALSE
lTPJ,HbO,Zima,GAD_total,-0.11237520272462696,0.2944156163370183,89,0.9608195413409205,FALSE,FALSE
lTPJ,HbO,Zima,SIAS_total,-0.15891797861416157,0.1368812376869897,89,0.7328000740371979,FALSE,FALSE
lTPJ,HbO,Zima,WHO_5_total,0.07381510928279388,0.4917898922089855,89,0.7617060235060786,FALSE,FALSE
lTPJ,HbO,Zima,ASRS_total,0.08895742632983257,0.4071020020494197,89,0.8154088202445868,FALSE,FALSE
lTPJ,HbO,Zima,Mindwandering_Zima,-0.10782268117129899,0.3173477934167832,88,0.4760216901251748,FALSE,FALSE
lTPJ,HbO,Splitscreen,MW_state_SART,-0.06803812486556712,0.5169762869374593,93,0.6203715443249512,FALSE,FALSE
lTPJ,HbO,Splitscreen,MW_trait_total,-0.02106848386839875,0.8411275490265417,93,0.8411275490265417,FALSE,FALSE
lTPJ,HbO,Splitscreen,Accuracy,0.15030430737388523,0.1597468013722338,89,0.8406727699952581,FALSE,FALSE
lTPJ,HbO,Splitscreen,MW_Ratio,-0.0017597857751548566,0.9870933535038968,87,0.9870933535038968,FALSE,FALSE
lTPJ,HbO,Splitscreen,Loneliness,-0.10750499865067618,0.30503527094478267,93,0.6342911060481458,FALSE,FALSE
lTPJ,HbO,Splitscreen,AQ10_scored,-0.06459442960132387,0.5384595299817682,93,0.9678669433526481,FALSE,FALSE
lTPJ,HbO,Splitscreen,PHQ9_total,-0.01839780757297849,0.8610503694905397,93,0.9448941292253301,FALSE,FALSE
lTPJ,HbO,Splitscreen,GAD_total,-0.0930425283218344,0.3750462680296005,93,0.750092536059201,FALSE,FALSE
lTPJ,HbO,Splitscreen,SIAS_total,-0.06420766412794951,0.5408995512271557,93,0.8243908911790335,FALSE,FALSE
lTPJ,HbO,Splitscreen,WHO_5_total,0.06730017096106476,0.5215429261956491,93,0.7647991764744925,FALSE,FALSE
lTPJ,HbO,Splitscreen,ASRS_total,0.22046132070039687,0.03371204055709579,93,0.10113612167128738,TRUE,FALSE
lTPJ,HbO,Splitscreen,Mindwandering_Splitscreen,0.03277289559355457,0.7591118365514353,90,0.9322352968241014,FALSE,FALSE
ldlPFC,HbO,Zima,MW_state_SART,-0.2551986060939198,0.014084194635248274,92,0.028168389270496547,TRUE,TRUE
ldlPFC,HbO,Zima,MW_trait_total,0.06573362538704945,0.5335815251778195,92,0.8661004331602489,FALSE,FALSE
ldlPFC,HbO,Zima,Accuracy,0.17568943972083104,0.10358688924764149,87,0.621521335485849,FALSE,FALSE
ldlPFC,HbO,Zima,MW_Ratio,-0.07521915725781496,0.4938561118028647,85,0.7707996635266474,FALSE,FALSE
ldlPFC,HbO,Zima,Loneliness,-0.07235839382965087,0.493061713410211,92,0.9241224322455578,FALSE,FALSE
ldlPFC,HbO,Zima,AQ10_scored,-0.024140533301753735,0.8193234278975692,92,0.9195621051313181,FALSE,FALSE
ldlPFC,HbO,Zima,PHQ9_total,0.029127104503542785,0.7828430069002066,92,0.7974202511665167,FALSE,FALSE
ldlPFC,HbO,Zima,GAD_total,0.027386858035182135,0.7955252904481449,92,0.9608195413409205,FALSE,FALSE
ldlPFC,HbO,Zima,SIAS_total,-0.053776468830819386,0.6106667283643317,92,0.7328000740371979,FALSE,FALSE
ldlPFC,HbO,Zima,WHO_5_total,-0.05018174253770232,0.6347550195883989,92,0.7617060235060786,FALSE,FALSE
ldlPFC,HbO,Zima,ASRS_total,-0.025476729456425883,0.8095068997814567,92,0.8154088202445868,FALSE,FALSE
ldlPFC,HbO,Zima,Mindwandering_Zima,-0.1997799012738628,0.05761432001755457,91,0.11522864003510914,FALSE,FALSE
ldlPFC,HbO,Splitscreen,MW_state_SART,-0.16730114421538664,0.09447790725072046,101,0.3203744216071025,FALSE,FALSE
ldlPFC,HbO,Splitscreen,MW_trait_total,-0.06842408147500516,0.49657313574882633,101,0.8411275490265417,FALSE,FALSE
ldlPFC,HbO,Splitscreen,Accuracy,-0.03809361753592608,0.711047638098757,97,0.8532571657185084,FALSE,FALSE
ldlPFC,HbO,Splitscreen,MW_Ratio,0.018936805182091055,0.8554681210698057,95,0.9870933535038968,FALSE,FALSE
ldlPFC,HbO,Splitscreen,Loneliness,0.0799729811480477,0.4266199780322012,101,0.6399299670483019,FALSE,FALSE
ldlPFC,HbO,Splitscreen,AQ10_scored,-0.011259945647321482,0.911016848085064,101,0.9678669433526481,FALSE,FALSE
ldlPFC,HbO,Splitscreen,PHQ9_total,-0.006964297686262114,0.9448941292253301,101,0.9448941292253301,FALSE,FALSE
ldlPFC,HbO,Splitscreen,GAD_total,0.013194138962434685,0.895811191780423,101,0.895811191780423,FALSE,FALSE
ldlPFC,HbO,Splitscreen,SIAS_total,0.022355489355209014,0.8243908911790335,101,0.8243908911790335,FALSE,FALSE
ldlPFC,HbO,Splitscreen,WHO_5_total,-0.047473638982148285,0.637332647062077,101,0.7647991764744925,FALSE,FALSE
ldlPFC,HbO,Splitscreen,ASRS_total,0.1793704353512954,0.07268577333979681,101,0.10902866000969522,FALSE,FALSE
ldlPFC,HbO,Splitscreen,Mindwandering_Splitscreen,0.010651849317060437,0.9170916501682542,98,0.9322352968241014,FALSE,FALSE
rTPJ,HbO,Zima,MW_state_SART,-0.06161365025927512,0.5662450372204975,89,0.5662450372204975,FALSE,FALSE
rTPJ,HbO,Zima,MW_trait_total,-0.018127824591484334,0.8661004331602489,89,0.8661004331602489,FALSE,FALSE
rTPJ,HbO,Zima,Accuracy,0.04027003706677683,0.7144227522959912,85,0.9415285667818696,FALSE,FALSE
rTPJ,HbO,Zima,MW_Ratio,0.11725079082919682,0.2911272853498084,83,0.7707996635266474,FALSE,FALSE
rTPJ,HbO,Zima,Loneliness,-0.01308381290737536,0.9031423759532107,89,0.9241224322455578,FALSE,FALSE
rTPJ,HbO,Zima,AQ10_scored,0.03247465852698985,0.7625651147032785,89,0.9195621051313181,FALSE,FALSE
rTPJ,HbO,Zima,PHQ9_total,-0.13089654685118207,0.22144784006405613,89,0.7849220105121814,FALSE,FALSE
rTPJ,HbO,Zima,GAD_total,-0.09154394988902632,0.39354357372418314,89,0.9608195413409205,FALSE,FALSE
rTPJ,HbO,Zima,SIAS_total,-0.10815324762874683,0.313044225269886,89,0.7328000740371979,FALSE,FALSE
rTPJ,HbO,Zima,WHO_5_total,0.054058444548010565,0.61486229399791,89,0.7617060235060786,FALSE,FALSE
rTPJ,HbO,Zima,ASRS_total,0.050142678771730294,0.6407491718453017,89,0.8154088202445868,FALSE,FALSE
rTPJ,HbO,Zima,Mindwandering_Zima,-0.040477782314657346,0.7080773525889371,88,0.7080773525889371,FALSE,FALSE
rTPJ,HbO,Splitscreen,MW_state_SART,-0.09232564058854502,0.36841979337869735,97,0.5526296900680461,FALSE,FALSE
rTPJ,HbO,Splitscreen,MW_trait_total,-0.03348929153462339,0.7446915867883681,97,0.8411275490265417,FALSE,FALSE
rTPJ,HbO,Splitscreen,Accuracy,0.09914406008873129,0.3417460196576019,94,0.8406727699952581,FALSE,FALSE
rTPJ,HbO,Splitscreen,MW_Ratio,-0.10835715849006251,0.3038811654415559,92,0.7340127548328927,FALSE,FALSE
rTPJ,HbO,Splitscreen,Loneliness,0.04079109392103613,0.6915866541208583,97,0.6915866541208583,FALSE,FALSE
rTPJ,HbO,Splitscreen,AQ10_scored,-0.03366552208143498,0.7433945301175237,97,0.9678669433526481,FALSE,FALSE
rTPJ,HbO,Splitscreen,PHQ9_total,0.08517669227176815,0.40680628040748124,97,0.8136125608149625,FALSE,FALSE
rTPJ,HbO,Splitscreen,GAD_total,0.031137001916093067,0.7620713665938417,97,0.895811191780423,FALSE,FALSE
rTPJ,HbO,Splitscreen,SIAS_total,0.039336311033987575,0.7020582673608691,97,0.8243908911790335,FALSE,FALSE
rTPJ,HbO,Splitscreen,WHO_5_total,-0.0923918670836308,0.36807489726274245,97,0.7361497945254849,FALSE,FALSE
rTPJ,HbO,Splitscreen,ASRS_total,0.1698065779814196,0.09634852323696326,97,0.11561822788435591,FALSE,FALSE
rTPJ,HbO,Splitscreen,Mindwandering_Splitscreen,0.032703482352428634,0.753051297946607,95,0.9322352968241014,FALSE,FALSE
rdlPFC,HbO,Zima,MW_state_SART,-0.14260120548441474,0.1703470513039568,94,0.2555205769559352,FALSE,FALSE
rdlPFC,HbO,Zima,MW_trait_total,0.09574778339822265,0.3586189391305705,94,0.8661004331602489,FALSE,FALSE
rdlPFC,HbO,Zima,Accuracy,0.007886322232152077,0.9415285667818696,89,0.9415285667818696,FALSE,FALSE
rdlPFC,HbO,Zima,MW_Ratio,-0.03874112326236834,0.7216455433851253,87,0.7707996635266474,FALSE,FALSE
rdlPFC,HbO,Zima,Loneliness,-0.0267138109905847,0.7982750057231558,94,0.9241224322455578,FALSE,FALSE
rdlPFC,HbO,Zima,AQ10_scored,-0.01055680236147432,0.9195621051313181,94,0.9195621051313181,FALSE,FALSE
rdlPFC,HbO,Zima,PHQ9_total,0.0695120886598487,0.505581580426365,94,0.7849220105121814,FALSE,FALSE
rdlPFC,HbO,Zima,GAD_total,0.04189446658177981,0.6884765720654743,94,0.9608195413409205,FALSE,FALSE
rdlPFC,HbO,Zima,SIAS_total,-0.019872268663017462,0.8492232086686384,94,0.8492232086686384,FALSE,FALSE
rdlPFC,HbO,Zima,WHO_5_total,-0.02564049946693727,0.8062179479302944,94,0.8062179479302944,FALSE,FALSE
rdlPFC,HbO,Zima,ASRS_total,0.11789669034375648,0.2577568364288646,94,0.8154088202445868,FALSE,FALSE
rdlPFC,HbO,Zima,Mindwandering_Zima,-0.07148765851900446,0.49590311577081114,93,0.5950837389249733,FALSE,FALSE
rdlPFC,HbO,Splitscreen,MW_state_SART,-0.09675141262932527,0.33579997267023276,101,0.5526296900680461,FALSE,FALSE
rdlPFC,HbO,Splitscreen,MW_trait_total,0.03677680817081667,0.7150178277591224,101,0.8411275490265417,FALSE,FALSE
rdlPFC,HbO,Splitscreen,Accuracy,-0.08275274039893468,0.42033638499762904,97,0.8406727699952581,FALSE,FALSE
rdlPFC,HbO,Splitscreen,MW_Ratio,0.07179040851975121,0.48934183655526187,95,0.7340127548328927,FALSE,FALSE
rdlPFC,HbO,Splitscreen,Loneliness,0.169890998018471,0.08941304359789695,101,0.5364782615873818,FALSE,FALSE
rdlPFC,HbO,Splitscreen,AQ10_scored,0.00405888477917497,0.9678669433526481,101,0.9678669433526481,FALSE,FALSE
rdlPFC,HbO,Splitscreen,PHQ9_total,0.08770841070949623,0.38311603690360707,101,0.8136125608149625,FALSE,FALSE
rdlPFC,HbO,Splitscreen,GAD_total,0.1219989976757037,0.2242291272867682,101,0.6726873818603045,FALSE,FALSE
rdlPFC,HbO,Splitscreen,SIAS_total,0.20558834657490674,0.03915953434743837,101,0.23495720608463022,TRUE,FALSE
rdlPFC,HbO,Splitscreen,WHO_5_total,-0.12223742534763447,0.22331808563949687,101,0.6699542569184906,FALSE,FALSE
rdlPFC,HbO,Splitscreen,ASRS_total,0.23367197632598036,0.0186827660307567,101,0.10113612167128738,TRUE,FALSE
rdlPFC,HbO,Splitscreen,Mindwandering_Splitscreen,0.008701090872385813,0.9322352968241014,98,0.9322352968241014,FALSE,FALSE
vmPFC,HbO,Zima,MW_state_SART,-0.31617274641891696,0.002018940487805943,93,0.008915422848654063,TRUE,TRUE
vmPFC,HbO,Zima,MW_trait_total,-0.06276557332088438,0.5500450173828806,93,0.8661004331602489,FALSE,FALSE
vmPFC,HbO,Zima,Accuracy,0.06215640845878321,0.56508944278546,88,0.9415285667818696,FALSE,FALSE
vmPFC,HbO,Zima,MW_Ratio,-0.03187324061050512,0.7707996635266474,86,0.7707996635266474,FALSE,FALSE
vmPFC,HbO,Zima,Loneliness,-0.10079732429923574,0.33637185960480465,93,0.9241224322455578,FALSE,FALSE
vmPFC,HbO,Zima,AQ10_scored,-0.024583818408040584,0.8150574217439321,93,0.9195621051313181,FALSE,FALSE
vmPFC,HbO,Zima,PHQ9_total,-0.06702010976730116,0.5232813403414542,93,0.7849220105121814,FALSE,FALSE
vmPFC,HbO,Zima,GAD_total,-0.005163849829510223,0.9608195413409205,93,0.9608195413409205,FALSE,FALSE
vmPFC,HbO,Zima,SIAS_total,-0.06145750880747277,0.5584047756935868,93,0.7328000740371979,FALSE,FALSE
vmPFC,HbO,Zima,WHO_5_total,-0.0504834867632517,0.6308240698474401,93,0.7617060235060786,FALSE,FALSE
vmPFC,HbO,Zima,ASRS_total,-0.02453626373704322,0.8154088202445868,93,0.8154088202445868,FALSE,FALSE
vmPFC,HbO,Zima,Mindwandering_Zima,-0.2039754722773266,0.05114392134560246,92,0.11522864003510914,FALSE,FALSE
vmPFC,HbO,Splitscreen,MW_state_SART,-0.16143292812731763,0.10679147386903416,101,0.3203744216071025,FALSE,FALSE
vmPFC,HbO,Splitscreen,MW_trait_total,-0.22181268228557582,0.025794572025974075,101,0.15476743215584446,TRUE,FALSE
vmPFC,HbO,Splitscreen,Accuracy,-0.01839534601331065,0.858063652592495,97,0.858063652592495,FALSE,FALSE
vmPFC,HbO,Splitscreen,MW_Ratio,0.07682833192464604,0.4592930161174036,95,0.7340127548328927,FALSE,FALSE
vmPFC,HbO,Splitscreen,Loneliness,-0.044514274260372,0.658479306546262,101,0.6915866541208583,FALSE,FALSE
vmPFC,HbO,Splitscreen,AQ10_scored,-0.10697803270792965,0.28696971930169296,101,0.9678669433526481,FALSE,FALSE
vmPFC,HbO,Splitscreen,PHQ9_total,-0.0230522072319147,0.819009966175506,101,0.9448941292253301,FALSE,FALSE
vmPFC,HbO,Splitscreen,GAD_total,-0.024218497093724305,0.8100212980478527,101,0.895811191780423,FALSE,FALSE
vmPFC,HbO,Splitscreen,SIAS_total,-0.07246906170192945,0.4714096507644361,101,0.8243908911790335,FALSE,FALSE
vmPFC,HbO,Splitscreen,WHO_5_total,-0.007744974484468812,0.9387282952819755,101,0.9387282952819755,FALSE,FALSE
vmPFC,HbO,Splitscreen,ASRS_total,-0.06809799090605248,0.498631982011173,101,0.498631982011173,FALSE,FALSE
vmPFC,HbO,Splitscreen,Mindwandering_Splitscreen,-0.10375692022216546,0.3092916404893278,98,0.9322352968241014,FALSE,FALSE
dmPFC,HbR,Zima,MW_state_SART,-0.028366682074628488,0.7872272727074977,93,0.9630824014493327,FALSE,FALSE
dmPFC,HbR,Zima,MW_trait_total,-0.08878869273490453,0.39736315717427306,93,0.5960447357614096,FALSE,FALSE
dmPFC,HbR,Zima,Accuracy,0.024834250139260744,0.8173074483002397,89,0.8961664223495903,FALSE,FALSE
dmPFC,HbR,Zima,MW_Ratio,-0.04800951089659962,0.6587925833888004,87,0.7836046499189662,FALSE,FALSE
dmPFC,HbR,Zima,Loneliness,-0.01119087097638703,0.9152137649910241,93,0.9998103692777875,FALSE,FALSE
dmPFC,HbR,Zima,AQ10_scored,0.023809666392694842,0.8207824098736132,93,0.9141203054638495,FALSE,FALSE
dmPFC,HbR,Zima,PHQ9_total,-0.10103902274140525,0.3352085211570345,93,0.670417042314069,FALSE,FALSE
dmPFC,HbR,Zima,GAD_total,-0.1409212942860419,0.17786753096511057,93,0.35573506193022114,FALSE,FALSE
dmPFC,HbR,Zima,SIAS_total,-0.06663059924881597,0.5257039878941718,93,0.777034100735838,FALSE,FALSE
dmPFC,HbR,Zima,WHO_5_total,0.006510203273438373,0.9506156606680828,93,0.9924137698393429,FALSE,FALSE
dmPFC,HbR,Zima,ASRS_total,-0.14075320627492757,0.17839066844245666,93,0.4096589886909729,FALSE,FALSE
dmPFC,HbR,Zima,Mindwandering_Zima,-0.06128433478475297,0.5616937599368916,92,0.9180644140137721,FALSE,FALSE
dmPFC,HbR,Splitscreen,MW_state_SART,-0.11340630977095119,0.2612532990105445,100,0.7837598970316335,FALSE,FALSE
dmPFC,HbR,Splitscreen,MW_trait_total,0.029823799194054,0.7683346609092552,100,0.776684602576289,FALSE,FALSE
dmPFC,HbR,Splitscreen,Accuracy,-0.020895428804819254,0.839017477467568,97,0.839017477467568,FALSE,FALSE
dmPFC,HbR,Splitscreen,MW_Ratio,-0.11235559795832145,0.27834422765784483,95,0.8620735417535565,FALSE,FALSE
dmPFC,HbR,Splitscreen,Loneliness,0.030231611461475176,0.7652578516352726,100,0.7652578516352726,FALSE,FALSE
dmPFC,HbR,Splitscreen,AQ10_scored,0.12470606214795814,0.21637896087951686,100,0.6491368826385506,FALSE,FALSE
dmPFC,HbR,Splitscreen,PHQ9_total,0.13648274623447862,0.1757320704173898,100,0.6318427333816011,FALSE,FALSE
dmPFC,HbR,Splitscreen,GAD_total,0.00826212304666271,0.9349776378125408,100,0.9349776378125408,FALSE,FALSE
dmPFC,HbR,Splitscreen,SIAS_total,0.09971150314437105,0.32362238357212536,100,0.6472447671442507,FALSE,FALSE
dmPFC,HbR,Splitscreen,WHO_5_total,-0.09180408181784826,0.36365687162359206,100,0.7940085244130333,FALSE,FALSE
dmPFC,HbR,Splitscreen,ASRS_total,0.1836452000364616,0.06740689512761949,100,0.20222068538285848,FALSE,FALSE
dmPFC,HbR,Splitscreen,Mindwandering_Splitscreen,-5.155823255564616e-4,0.9960009647095629,97,0.9960009647095629,FALSE,FALSE
lTPJ,HbR,Zima,MW_state_SART,0.026877678525389175,0.8025686678744439,89,0.9630824014493327,FALSE,FALSE
lTPJ,HbR,Zima,MW_trait_total,0.058548748768085815,0.5857484473084346,89,0.7028981367701215,FALSE,FALSE
lTPJ,HbR,Zima,Accuracy,0.12639418463858043,0.2519334639014964,84,0.7558003917044892,FALSE,FALSE
lTPJ,HbR,Zima,MW_Ratio,0.07651644498834612,0.49444798835122183,82,0.7416719825268328,FALSE,FALSE
lTPJ,HbR,Zima,Loneliness,-2.5553886439038076e-5,0.9998103692777875,89,0.9998103692777875,FALSE,FALSE
lTPJ,HbR,Zima,AQ10_scored,-0.03074270795042981,0.7748829024591732,89,0.9141203054638495,FALSE,FALSE
lTPJ,HbR,Zima,PHQ9_total,-0.07957018285204234,0.45855507441519017,89,0.6878326116227853,FALSE,FALSE
lTPJ,HbR,Zima,GAD_total,-0.17235140490939171,0.10629220493558733,89,0.35573506193022114,FALSE,FALSE
lTPJ,HbR,Zima,SIAS_total,-0.16583412175033369,0.12039092491400656,89,0.7223455494840394,FALSE,FALSE
lTPJ,HbR,Zima,WHO_5_total,0.05618112031137215,0.6010212960565069,89,0.9924137698393429,FALSE,FALSE
lTPJ,HbR,Zima,ASRS_total,0.04644627018159488,0.6655870763198648,89,0.6655870763198648,FALSE,FALSE
lTPJ,HbR,Zima,Mindwandering_Zima,-0.09883347316233924,0.35959909482852326,88,0.9180644140137721,FALSE,FALSE
lTPJ,HbR,Splitscreen,MW_state_SART,0.02044745379140841,0.8457518960555178,93,0.9868731034961282,FALSE,FALSE
lTPJ,HbR,Splitscreen,MW_trait_total,-0.029808946248214375,0.776684602576289,93,0.776684602576289,FALSE,FALSE
lTPJ,HbR,Splitscreen,Accuracy,0.05904173279966976,0.5825907654893767,89,0.839017477467568,FALSE,FALSE
lTPJ,HbR,Splitscreen,MW_Ratio,-0.06098440861649212,0.574715694502371,87,0.8620735417535565,FALSE,FALSE
lTPJ,HbR,Splitscreen,Loneliness,0.10847559729117814,0.3006640403415461,93,0.5717039193836637,FALSE,FALSE
lTPJ,HbR,Splitscreen,AQ10_scored,0.06906777063273398,0.5106387974290835,93,0.7659581961436253,FALSE,FALSE
lTPJ,HbR,Splitscreen,PHQ9_total,-0.044528244419393924,0.6716989547545158,93,0.9069314646261937,FALSE,FALSE
lTPJ,HbR,Splitscreen,GAD_total,-0.04047574722406371,0.7000798073726495,93,0.8882641337992631,FALSE,FALSE
lTPJ,HbR,Splitscreen,SIAS_total,-0.06445401372871945,0.5393447557787561,93,0.8090171336681341,FALSE,FALSE
lTPJ,HbR,Splitscreen,WHO_5_total,-0.06144180143771693,0.5585055283417919,93,0.7940085244130333,FALSE,FALSE
lTPJ,HbR,Splitscreen,ASRS_total,0.03260785076592623,0.7563417390534444,93,0.7563417390534444,FALSE,FALSE
lTPJ,HbR,Splitscreen,Mindwandering_Splitscreen,-0.08590377199488594,0.4207893234050619,90,0.9960009647095629,FALSE,FALSE
ldlPFC,HbR,Zima,MW_state_SART,0.0014390112529309971,0.9891380958087341,92,0.9891380958087341,FALSE,FALSE
ldlPFC,HbR,Zima,MW_trait_total,-0.009481183456862777,0.9285264723207911,92,0.9285264723207911,FALSE,FALSE
ldlPFC,HbR,Zima,Accuracy,-0.01419629755801204,0.8961664223495903,87,0.8961664223495903,FALSE,FALSE
ldlPFC,HbR,Zima,MW_Ratio,0.03022798240300262,0.7836046499189662,85,0.7836046499189662,FALSE,FALSE
ldlPFC,HbR,Zima,Loneliness,-0.07702394091128134,0.46552979041979736,92,0.9310595808395947,FALSE,FALSE
ldlPFC,HbR,Zima,AQ10_scored,0.07772616445972551,0.46145989968854473,92,0.9141203054638495,FALSE,FALSE
ldlPFC,HbR,Zima,PHQ9_total,0.10709383116346496,0.3095869956327332,92,0.670417042314069,FALSE,FALSE
ldlPFC,HbR,Zima,GAD_total,0.02176546732736697,0.8368401179426708,92,0.8592668537018766,FALSE,FALSE
ldlPFC,HbR,Zima,SIAS_total,0.06958400555338602,0.5098312828901733,92,0.777034100735838,FALSE,FALSE
ldlPFC,HbR,Zima,WHO_5_total,-0.0010050264258051613,0.9924137698393429,92,0.9924137698393429,FALSE,FALSE
ldlPFC,HbR,Zima,ASRS_total,0.1334212620413248,0.20482949434548645,92,0.4096589886909729,FALSE,FALSE
ldlPFC,HbR,Zima,Mindwandering_Zima,-0.010934775400463047,0.9180644140137721,91,0.9180644140137721,FALSE,FALSE
ldlPFC,HbR,Splitscreen,MW_state_SART,-0.001666234522545514,0.9868731034961282,100,0.9868731034961282,FALSE,FALSE
ldlPFC,HbR,Splitscreen,MW_trait_total,0.04554706310646378,0.6527263874898631,100,0.776684602576289,FALSE,FALSE
ldlPFC,HbR,Splitscreen,Accuracy,-0.13622283684346093,0.18570236135559173,96,0.839017477467568,FALSE,FALSE
ldlPFC,HbR,Splitscreen,MW_Ratio,-0.026939388124118977,0.7966082223461484,94,0.9324085832857689,FALSE,FALSE
ldlPFC,HbR,Splitscreen,Loneliness,-0.09238921409716465,0.3605939741547681,100,0.5717039193836637,FALSE,FALSE
ldlPFC,HbR,Splitscreen,AQ10_scored,0.07195784046848887,0.4768025974742315,100,0.7659581961436253,FALSE,FALSE
ldlPFC,HbR,Splitscreen,PHQ9_total,-0.03149141943803978,0.7557762205218281,100,0.9069314646261937,FALSE,FALSE
ldlPFC,HbR,Splitscreen,GAD_total,-0.05545546077712443,0.5836888405156538,100,0.8882641337992631,FALSE,FALSE
ldlPFC,HbR,Splitscreen,SIAS_total,0.13820023255287484,0.17030740683383225,100,0.5109222205014967,FALSE,FALSE
ldlPFC,HbR,Splitscreen,WHO_5_total,-0.02643872699398253,0.7940085244130333,100,0.7940085244130333,FALSE,FALSE
ldlPFC,HbR,Splitscreen,ASRS_total,0.04422335387347597,0.662193001198037,100,0.7563417390534444,FALSE,FALSE
ldlPFC,HbR,Splitscreen,Mindwandering_Splitscreen,0.02440187581914486,0.8124625699166519,97,0.9960009647095629,FALSE,FALSE
rTPJ,HbR,Zima,MW_state_SART,0.10264591983568605,0.3356887591237798,90,0.9630824014493327,FALSE,FALSE
rTPJ,HbR,Zima,MW_trait_total,0.21994052663781888,0.03725566049286856,90,0.22353396295721137,TRUE,FALSE
rTPJ,HbR,Zima,Accuracy,0.13286074909235074,0.2226600798606362,86,0.7558003917044892,FALSE,FALSE
rTPJ,HbR,Zima,MW_Ratio,0.3765381508070396,4.1526443130619187e-4,84,0.002491586587837151,TRUE,TRUE
rTPJ,HbR,Zima,Loneliness,0.21255271807541562,0.04429265720027774,90,0.2657559432016664,TRUE,FALSE
rTPJ,HbR,Zima,AQ10_scored,0.1608940748822324,0.12979084000355123,90,0.7787450400213074,FALSE,FALSE
rTPJ,HbR,Zima,PHQ9_total,0.0216174688473904,0.8397305041222141,90,0.9012038502898461,FALSE,FALSE
rTPJ,HbR,Zima,GAD_total,0.14909357572691506,0.1607639817914299,90,0.35573506193022114,FALSE,FALSE
rTPJ,HbR,Zima,SIAS_total,0.11880986366138509,0.26470920149287863,90,0.777034100735838,FALSE,FALSE
rTPJ,HbR,Zima,WHO_5_total,-0.0275834255717836,0.7963524427540682,90,0.9924137698393429,FALSE,FALSE
rTPJ,HbR,Zima,ASRS_total,0.15743546616940923,0.1383549612197431,90,0.4096589886909729,FALSE,FALSE
rTPJ,HbR,Zima,Mindwandering_Zima,0.07280113399184092,0.4977742640106019,89,0.9180644140137721,FALSE,FALSE
rTPJ,HbR,Splitscreen,MW_state_SART,0.0664050242001512,0.5203403779513383,96,0.9868731034961282,FALSE,FALSE
rTPJ,HbR,Splitscreen,MW_trait_total,0.0639694300709591,0.5357884690848884,96,0.776684602576289,FALSE,FALSE
rTPJ,HbR,Splitscreen,Accuracy,0.07806383760188906,0.45701274698712524,93,0.839017477467568,FALSE,FALSE
rTPJ,HbR,Splitscreen,MW_Ratio,0.08630119006584162,0.41598913820662375,91,0.8620735417535565,FALSE,FALSE
rTPJ,HbR,Splitscreen,Loneliness,0.033540384745169904,0.7456248089449913,96,0.7652578516352726,FALSE,FALSE
rTPJ,HbR,Splitscreen,AQ10_scored,0.19860689941810256,0.05240132137950997,96,0.3144079282770598,FALSE,FALSE
rTPJ,HbR,Splitscreen,PHQ9_total,0.10343555562897913,0.31592136669080056,96,0.6318427333816011,FALSE,FALSE
rTPJ,HbR,Splitscreen,GAD_total,0.1074700970210589,0.2973115222756398,96,0.8882641337992631,FALSE,FALSE
rTPJ,HbR,Splitscreen,SIAS_total,0.002443312324903147,0.9811510047564467,96,0.9811510047564467,FALSE,FALSE
rTPJ,HbR,Splitscreen,WHO_5_total,0.050462383803543044,0.6253636649061987,96,0.7940085244130333,FALSE,FALSE
rTPJ,HbR,Splitscreen,ASRS_total,0.08042323950937132,0.43602431807040143,96,0.7563417390534444,FALSE,FALSE
rTPJ,HbR,Splitscreen,Mindwandering_Splitscreen,-0.06492629285611255,0.5341274441097301,94,0.9960009647095629,FALSE,FALSE
rdlPFC,HbR,Zima,MW_state_SART,-0.03784832522748232,0.7172226606089225,94,0.9630824014493327,FALSE,FALSE
rdlPFC,HbR,Zima,MW_trait_total,-0.0883624792991629,0.3970499603874268,94,0.5960447357614096,FALSE,FALSE
rdlPFC,HbR,Zima,Accuracy,0.03441536516212369,0.74883263973965275,89,0.8961664223495903,FALSE,FALSE
rdlPFC,HbR,Zima,MW_Ratio,0.11276845391947407,0.2983667292916615,87,0.596733458583323,FALSE,FALSE
rdlPFC,HbR,Zima,Loneliness,-0.12399690725291423,0.23376711510022113,94,0.7013013453006633,FALSE,FALSE
rdlPFC,HbR,Zima,AQ10_scored,-0.08072236622597757,0.4392714068734844,94,0.9141203054638495,FALSE,FALSE
rdlPFC,HbR,Zima,PHQ9_total,-0.012977235941825076,0.9012038502898461,94,0.9012038502898461,FALSE,FALSE
rdlPFC,HbR,Zima,GAD_total,-0.018534291988544192,0.8592668537018766,94,0.8592668537018766,FALSE,FALSE
rdlPFC,HbR,Zima,SIAS_total,-0.04776862543660217,0.647528417279865,94,0.777034100735838,FALSE,FALSE
rdlPFC,HbR,Zima,WHO_5_total,0.16262657095479713,0.11733187721157728,94,0.7039912632694637,FALSE,FALSE
rdlPFC,HbR,Zima,ASRS_total,0.05447002034092863,0.602068811930167,94,0.6655870763198648,FALSE,FALSE
rdlPFC,HbR,Zima,Mindwandering_Zima,0.0298613191845587,0.7763025139774977,93,0.9180644140137721,FALSE,FALSE
rdlPFC,HbR,Splitscreen,MW_state_SART,-0.16271335335104162,0.1022630815803085,102,0.613578489481851,FALSE,FALSE
rdlPFC,HbR,Splitscreen,MW_trait_total,0.05322065651974637,0.5952423991943123,102,0.776684602576289,FALSE,FALSE
rdlPFC,HbR,Splitscreen,Accuracy,-0.03392739957208793,0.7401533415318491,98,0.839017477467568,FALSE,FALSE
rdlPFC,HbR,Splitscreen,MW_Ratio,-0.008771111963137231,0.9324085832857689,96,0.9324085832857689,FALSE,FALSE
rdlPFC,HbR,Splitscreen,Loneliness,0.11426133654254317,0.2528268164681049,102,0.5717039193836637,FALSE,FALSE
rdlPFC,HbR,Splitscreen,AQ10_scored,0.030405194268494563,0.7616132659491943,102,0.9139359191390332,FALSE,FALSE
rdlPFC,HbR,Splitscreen,PHQ9_total,-0.0022667549025715034,0.9819605845432603,102,0.9819605845432603,FALSE,FALSE
rdlPFC,HbR,Splitscreen,GAD_total,-0.0332299937365467,0.7402201114993859,102,0.8882641337992631,FALSE,FALSE
rdlPFC,HbR,Splitscreen,SIAS_total,-0.02800700995525283,0.7799181783115688,102,0.9359018139738826,FALSE,FALSE
rdlPFC,HbR,Splitscreen,WHO_5_total,-0.038839573144717934,0.6983325546222019,102,0.7940085244130333,FALSE,FALSE
rdlPFC,HbR,Splitscreen,ASRS_total,0.032002813422513925,0.749490747253217,102,0.7563417390534444,FALSE,FALSE
rdlPFC,HbR,Splitscreen,Mindwandering_Splitscreen,0.001605789678018609,0.9874142945366389,99,0.9960009647095629,FALSE,FALSE
vmPFC,HbR,Zima,MW_state_SART,-0.11937950200061337,0.2543841253139866,93,0.9630824014493327,FALSE,FALSE
vmPFC,HbR,Zima,MW_trait_total,-0.09593887943987171,0.3602964045472169,93,0.5960447357614096,FALSE,FALSE
vmPFC,HbR,Zima,Accuracy,-0.044562312400357976,0.6801493614710339,88,0.8961664223495903,FALSE,FALSE
vmPFC,HbR,Zima,MW_Ratio,0.2093696143394431,0.05302674284063593,86,0.15908022852190778,FALSE,FALSE
vmPFC,HbR,Zima,Loneliness,-0.006263439126578195,0.9524853147867512,93,0.9998103692777875,FALSE,FALSE
vmPFC,HbR,Zima,AQ10_scored,0.011335743820764731,0.9141203054638495,93,0.9141203054638495,FALSE,FALSE
vmPFC,HbR,Zima,PHQ9_total,-0.12193519970868198,0.24428325310228885,93,0.670417042314069,FALSE,FALSE
vmPFC,HbR,Zima,GAD_total,-0.06796945443226156,0.5174003752321972,93,0.7761005628482958,FALSE,FALSE
vmPFC,HbR,Zima,SIAS_total,-0.0063525252028615725,0.9518103074859923,93,0.9518103074859923,FALSE,FALSE
vmPFC,HbR,Zima,WHO_5_total,0.021761929959611022,0.8359703436494762,93,0.9924137698393429,FALSE,FALSE
vmPFC,HbR,Zima,ASRS_total,0.08345464818379775,0.4264323741676793,93,0.639648561251519,FALSE,FALSE
vmPFC,HbR,Zima,Mindwandering_Zima,-0.012136832351278607,0.908583871977138,92,0.9180644140137721,FALSE,FALSE
vmPFC,HbR,Splitscreen,MW_state_SART,-0.01994171465102159,0.8430944809092009,101,0.9868731034961282,FALSE,FALSE
vmPFC,HbR,Splitscreen,MW_trait_total,0.046435836326331636,0.6447165124297074,101,0.776684602576289,FALSE,FALSE
vmPFC,HbR,Splitscreen,Accuracy,-0.03765256267316769,0.7142477403745948,97,0.839017477467568,FALSE,FALSE
vmPFC,HbR,Splitscreen,MW_Ratio,0.05980411322776831,0.564819667751574,95,0.8620735417535565,FALSE,FALSE
vmPFC,HbR,Splitscreen,Loneliness,0.08807263114759996,0.38113594625577585,101,0.5717039193836637,FALSE,FALSE
vmPFC,HbR,Splitscreen,AQ10_scored,-0.0022215789471815668,0.9824090994062409,101,0.9824090994062409,FALSE,FALSE
vmPFC,HbR,Splitscreen,PHQ9_total,0.12172782696720634,0.22526845753799926,101,0.6318427333816011,FALSE,FALSE
vmPFC,HbR,Splitscreen,GAD_total,0.17210280463101307,0.08526014116509285,101,0.5115608469905571,FALSE,FALSE
vmPFC,HbR,Splitscreen,SIAS_total,0.23334047136980726,0.018855817719735855,101,0.11313490631841513,TRUE,FALSE
vmPFC,HbR,Splitscreen,WHO_5_total,-0.14463710645467662,0.14899459453131486,101,0.7940085244130333,FALSE,FALSE
vmPFC,HbR,Splitscreen,ASRS_total,0.1919098708203944,0.05453353691281377,101,0.20222068538285848,FALSE,FALSE
vmPFC,HbR,Splitscreen,Mindwandering_Splitscreen,0.12497992663124476,0.22013174190970028,98,0.9960009647095629,FALSE,FALSE
