subject,channel,mean_isc_z,signal_type,stimulus
2,dmPFC,0.042588194347472005,HbO,Zima
2,lTPJ,0.012770465468794632,HbO,Zima
2,ldlPFC,0.02629773736773186,HbO,Zima
2,rTPJ,0.007969645685811556,HbO,Zima
2,rdlPFC,0.02424098744497256,HbO,Zima
2,vmPFC,0.025626400458860527,HbO,Zima
3,dmPFC,-0.006843727391757759,HbO,Zima
3,lTPJ,-0.015709225250946268,HbO,Zima
3,ldlPFC,-0.0011878671549489523,HbO,Zima
3,rTPJ,-0.003841601037352412,HbO,Zima
3,rdlPFC,0.028583937678564077,HbO,Zima
3,vmPFC,0.028774008223640082,HbO,Zima
4,dmPFC,0.07048074696382137,HbO,Zima
4,lTPJ,0.07259592135019566,HbO,Zima
4,ldlPFC,0.042702643232023066,HbO,Zima
4,rTPJ,0.061596671923575,HbO,Zima
4,rdlPFC,0.03126583355222439,HbO,Zima
4,vmPFC,0.07057279130112201,HbO,Zima
5,dmPFC,0.05462917314242636,HbO,Zima
5,lTPJ,0.073070549447982,HbO,Zima
5,ldlPFC,0.075648639141955007,HbO,Zima
5,rTPJ,0.07628146247301144,HbO,Zima
5,rdlPFC,0.06798317193977256,HbO,Zima
5,vmPFC,0.060325807900573694,HbO,Zima
51,dmPFC,0.03187817527762939,HbO,Zima
51,lTPJ,0.03371379672864596,HbO,Zima
51,ldlPFC,0.006229176493385422,HbO,Zima
51,rTPJ,0.037970861769679724,HbO,Zima
51,rdlPFC,0.021396935516341895,HbO,Zima
51,vmPFC,0.031534523946707575,HbO,Zima
54,dmPFC,0.027192061648621233,HbO,Zima
54,lTPJ,0.03874084707756338,HbO,Zima
54,ldlPFC,0.03830660030516257,HbO,Zima
54,rTPJ,0.02919670427380319,HbO,Zima
54,rdlPFC,0.039540043685047085,HbO,Zima
54,vmPFC,0.03131664799223272,HbO,Zima
55,dmPFC,0.02566438952000936,HbO,Zima
55,ldlPFC,0.014074843986520135,HbO,Zima
55,rdlPFC,0.0096707421284114,HbO,Zima
55,vmPFC,0.04179496774044185,HbO,Zima
56,dmPFC,0.07982719061338449,HbO,Zima
56,lTPJ,0.09045774715676055,HbO,Zima
56,ldlPFC,0.08142947425499025,HbO,Zima
56,rTPJ,0.0909811743481031,HbO,Zima
56,rdlPFC,0.10002303076575637,HbO,Zima
56,vmPFC,-0.05329001591572647,HbO,Zima
57,dmPFC,0.04573470336084207,HbO,Zima
57,lTPJ,0.007958700246647141,HbO,Zima
57,ldlPFC,0.040572015797470835,HbO,Zima
57,rTPJ,0.046101003495165785,HbO,Zima
57,rdlPFC,0.00664468215623632,HbO,Zima
57,vmPFC,-0.005904180288979284,HbO,Zima
6,dmPFC,0.10730494357741165,HbO,Zima
6,lTPJ,0.08004275784732567,HbO,Zima
6,ldlPFC,0.11729928489838046,HbO,Zima
6,rTPJ,0.10180518469411973,HbO,Zima
6,rdlPFC,0.12040934174642566,HbO,Zima
6,vmPFC,0.0481843522865837,HbO,Zima
60,dmPFC,0.004561358211384435,HbO,Zima
60,lTPJ,-0.017589003921811213,HbO,Zima
60,ldlPFC,-0.010242858734577658,HbO,Zima
60,rTPJ,6.775561612480519e-4,HbO,Zima
60,rdlPFC,-0.009254035901340947,HbO,Zima
60,vmPFC,0.04235219034455533,HbO,Zima
61,dmPFC,0.08029943011234025,HbO,Zima
61,lTPJ,0.059267811425004854,HbO,Zima
61,ldlPFC,0.06584906723228307,HbO,Zima
61,rTPJ,0.06452872716571859,HbO,Zima
61,rdlPFC,0.07856852425385223,HbO,Zima
61,vmPFC,0.092982366315498,HbO,Zima
62,dmPFC,0.018515652099351226,HbO,Zima
62,lTPJ,-0.005255435883140854,HbO,Zima
62,ldlPFC,0.006702390630648555,HbO,Zima
62,rTPJ,-0.018725893997837903,HbO,Zima
62,rdlPFC,-0.003992869077128517,HbO,Zima
62,vmPFC,-0.010089190603254226,HbO,Zima
67,dmPFC,0.05744128994833081,HbO,Zima
67,lTPJ,0.0340265068825177,HbO,Zima
67,ldlPFC,0.06134280154252207,HbO,Zima
67,rTPJ,0.05407891205853158,HbO,Zima
67,rdlPFC,0.07081824897264229,HbO,Zima
67,vmPFC,0.0887470207043725,HbO,Zima
68,dmPFC,0.06214178260468358,HbO,Zima
68,lTPJ,0.03765798011071039,HbO,Zima
68,ldlPFC,0.0445664128740639,HbO,Zima
68,rTPJ,0.07155135818086202,HbO,Zima
68,rdlPFC,0.058817676666065376,HbO,Zima
68,vmPFC,0.05828748899465632,HbO,Zima
7,dmPFC,0.019186667129921404,HbO,Zima
7,lTPJ,0.00925233757885073,HbO,Zima
7,ldlPFC,-0.028210833554698844,HbO,Zima
7,rTPJ,0.004058129662857168,HbO,Zima
7,rdlPFC,-0.009783186545638043,HbO,Zima
7,vmPFC,0.029690680114779645,HbO,Zima
72,dmPFC,0.056363864965170325,HbO,Zima
72,lTPJ,0.07007735245505974,HbO,Zima
72,ldlPFC,0.07134793093304795,HbO,Zima
72,rTPJ,0.044494330924800936,HbO,Zima
72,rdlPFC,0.0720230693696569,HbO,Zima
72,vmPFC,0.10623875151728199,HbO,Zima
78,dmPFC,0.0470515306859678,HbO,Zima
78,lTPJ,0.05942277338396713,HbO,Zima
78,ldlPFC,0.03901199039319958,HbO,Zima
78,rTPJ,0.06481564154950868,HbO,Zima
78,rdlPFC,0.053440633396882355,HbO,Zima
78,vmPFC,0.03564791196097451,HbO,Zima
79,dmPFC,0.05472434321530262,HbO,Zima
79,lTPJ,0.059241119883843583,HbO,Zima
79,ldlPFC,0.05193322182546087,HbO,Zima
79,rTPJ,0.07085512616566769,HbO,Zima
79,rdlPFC,0.04345581453820409,HbO,Zima
79,vmPFC,0.03316036874404546,HbO,Zima
8,dmPFC,0.06619434926313827,HbO,Zima
8,lTPJ,0.06804835844325735,HbO,Zima
8,ldlPFC,0.07604061560522221,HbO,Zima
8,rTPJ,0.06551434763044942,HbO,Zima
8,rdlPFC,0.0390520070746683,HbO,Zima
8,vmPFC,0.05377917951705857,HbO,Zima
83,dmPFC,0.014918475267033618,HbO,Zima
83,lTPJ,0.0468390936194756,HbO,Zima
83,ldlPFC,0.03004636999057867,HbO,Zima
83,rTPJ,0.03114639337543719,HbO,Zima
83,rdlPFC,8.386677274878208e-4,HbO,Zima
83,vmPFC,0.027275079674277922,HbO,Zima
85,dmPFC,0.046994894011262396,HbO,Zima
85,lTPJ,0.025972038244899825,HbO,Zima
85,ldlPFC,0.05991494282995375,HbO,Zima
85,rTPJ,0.036830410070883765,HbO,Zima
85,rdlPFC,0.021026593774697143,HbO,Zima
85,vmPFC,0.029244097877748912,HbO,Zima
9,dmPFC,0.03575421177481455,HbO,Zima
9,lTPJ,0.05309685580782694,HbO,Zima
9,ldlPFC,0.047762388090253995,HbO,Zima
9,rTPJ,0.05154257900319234,HbO,Zima
9,rdlPFC,0.05112196909765325,HbO,Zima
9,vmPFC,0.05555235286072015,HbO,Zima
10,dmPFC,0.0065059509360573965,HbO,Zima
10,lTPJ,0.0101183013648161,HbO,Zima
10,ldlPFC,0.017170846999165285,HbO,Zima
10,rdlPFC,0.011635681666678138,HbO,Zima
10,vmPFC,-0.003975748630467214,HbO,Zima
100,dmPFC,0.08257355254117577,HbO,Zima
100,lTPJ,0.0694428598877609,HbO,Zima
100,ldlPFC,0.06729426232387699,HbO,Zima
100,rTPJ,0.0805940182603323,HbO,Zima
100,rdlPFC,0.06945880024098235,HbO,Zima
100,vmPFC,0.07351926238123237,HbO,Zima
101,dmPFC,0.014788662816617493,HbO,Zima
101,lTPJ,0.011462831192224635,HbO,Zima
101,ldlPFC,0.0019774911507464605,HbO,Zima
101,rTPJ,0.03594577148197703,HbO,Zima
101,rdlPFC,0.029706863060580704,HbO,Zima
101,vmPFC,-0.001833335199575445,HbO,Zima
105,dmPFC,0.03247783300989717,HbO,Zima
105,lTPJ,0.04731757716729221,HbO,Zima
105,ldlPFC,0.04895370094977548,HbO,Zima
105,rTPJ,0.0489669196890763,HbO,Zima
105,rdlPFC,0.052930598638984055,HbO,Zima
105,vmPFC,0.02800380046080096,HbO,Zima
108,dmPFC,0.08606304520487701,HbO,Zima
108,lTPJ,0.03031339802487238,HbO,Zima
108,ldlPFC,0.05880741397149648,HbO,Zima
108,rTPJ,0.05272516549955106,HbO,Zima
108,rdlPFC,0.07089512672809613,HbO,Zima
108,vmPFC,0.1075289683274391,HbO,Zima
109,dmPFC,-0.002845096353042061,HbO,Zima
109,lTPJ,0.018645110221863676,HbO,Zima
109,ldlPFC,0.01915850062148088,HbO,Zima
109,rTPJ,0.02999836981191721,HbO,Zima
109,rdlPFC,0.011197801123439745,HbO,Zima
109,vmPFC,0.012660570242586495,HbO,Zima
11,dmPFC,0.03267015476302764,HbO,Zima
11,lTPJ,0.02500852401922925,HbO,Zima
11,ldlPFC,0.047823836672761806,HbO,Zima
11,rTPJ,0.04245609751190835,HbO,Zima
11,rdlPFC,0.02019147369117405,HbO,Zima
11,vmPFC,0.08838998887796824,HbO,Zima
112,dmPFC,0.06499155668895036,HbO,Zima
112,lTPJ,0.045707490434812224,HbO,Zima
112,ldlPFC,0.07621598424899267,HbO,Zima
112,rTPJ,0.04563812667011843,HbO,Zima
112,rdlPFC,0.06514976144393551,HbO,Zima
112,vmPFC,0.08049720465671742,HbO,Zima
113,dmPFC,0.002575015082388418,HbO,Zima
113,lTPJ,0.024403662176031817,HbO,Zima
113,ldlPFC,0.027408093141121366,HbO,Zima
113,rTPJ,0.025384757603707505,HbO,Zima
113,rdlPFC,0.014263833680079685,HbO,Zima
113,vmPFC,0.008403893321273954,HbO,Zima
114,dmPFC,0.04429580957858457,HbO,Zima
114,lTPJ,0.027804049905011688,HbO,Zima
114,ldlPFC,0.048754071523859986,HbO,Zima
114,rTPJ,0.024420456029873427,HbO,Zima
114,rdlPFC,0.023004961797892274,HbO,Zima
114,vmPFC,0.039288639487291464,HbO,Zima
12,dmPFC,0.007507248847476422,HbO,Zima
12,lTPJ,0.0016246663169711519,HbO,Zima
12,ldlPFC,-0.009320089841648112,HbO,Zima
12,rTPJ,-0.0042210955441839065,HbO,Zima
12,rdlPFC,0.00889931742686394,HbO,Zima
12,vmPFC,0.03137038004269358,HbO,Zima
13,dmPFC,0.06537711697642018,HbO,Zima
13,lTPJ,0.08464514823132961,HbO,Zima
13,ldlPFC,0.0737496122958166,HbO,Zima
13,rTPJ,0.07479717647779544,HbO,Zima
13,rdlPFC,0.05097436767183333,HbO,Zima
13,vmPFC,0.06469390618675927,HbO,Zima
14,dmPFC,0.025874082840617364,HbO,Zima
14,lTPJ,0.03078081392097365,HbO,Zima
14,ldlPFC,0.03614269781432536,HbO,Zima
14,rTPJ,0.04299594347512211,HbO,Zima
14,rdlPFC,0.024077576122013424,HbO,Zima
14,vmPFC,0.04124289340906157,HbO,Zima
15,dmPFC,0.012365852305990277,HbO,Zima
15,lTPJ,0.001462593794812192,HbO,Zima
15,ldlPFC,0.014525672016986412,HbO,Zima
15,rTPJ,0.01896265742131018,HbO,Zima
15,rdlPFC,0.0059054814347499355,HbO,Zima
15,vmPFC,2.2806715218771863e-5,HbO,Zima
16,dmPFC,0.04546329518169798,HbO,Zima
16,lTPJ,0.031137604505624965,HbO,Zima
16,ldlPFC,0.04423010805929183,HbO,Zima
16,rTPJ,0.0336942320864879,HbO,Zima
16,rdlPFC,0.04801392156269299,HbO,Zima
16,vmPFC,0.06566119772035507,HbO,Zima
17,dmPFC,0.04591509998032749,HbO,Zima
17,lTPJ,0.05087767649582236,HbO,Zima
17,ldlPFC,0.05891839734603308,HbO,Zima
17,rTPJ,0.04753568249498087,HbO,Zima
17,rdlPFC,0.06720601776004471,HbO,Zima
17,vmPFC,0.0613674149818671,HbO,Zima
18,dmPFC,0.053828329216335215,HbO,Zima
18,lTPJ,0.03438442628908796,HbO,Zima
18,ldlPFC,0.036419646727998585,HbO,Zima
18,rTPJ,0.03497078572360358,HbO,Zima
18,rdlPFC,0.024402628546502523,HbO,Zima
18,vmPFC,0.05269225294580066,HbO,Zima
19,dmPFC,0.06571248194557461,HbO,Zima
19,lTPJ,0.06398195226083553,HbO,Zima
19,ldlPFC,0.08898946348254849,HbO,Zima
19,rTPJ,0.04613447406159719,HbO,Zima
19,rdlPFC,0.06325828426787962,HbO,Zima
19,vmPFC,0.10903318664438326,HbO,Zima
20,dmPFC,0.08510130913297076,HbO,Zima
20,lTPJ,0.06978172467609249,HbO,Zima
20,ldlPFC,0.09291795163757643,HbO,Zima
20,rTPJ,0.07071622475150471,HbO,Zima
20,rdlPFC,0.10114518015377577,HbO,Zima
20,vmPFC,0.09071006635197991,HbO,Zima
21,dmPFC,0.071711105422528107,HbO,Zima
21,lTPJ,0.04921170343205539,HbO,Zima
21,ldlPFC,0.06954473686482479,HbO,Zima
21,rTPJ,0.04563719157401045,HbO,Zima
21,rdlPFC,0.04034722304831682,HbO,Zima
21,vmPFC,0.06196020118406151,HbO,Zima
22,dmPFC,0.07508998881335101,HbO,Zima
22,rTPJ,0.0885621443609141,HbO,Zima
22,rdlPFC,0.09011132986667804,HbO,Zima
22,vmPFC,0.0053055193929615494,HbO,Zima
23,dmPFC,-0.006019035386252386,HbO,Zima
23,lTPJ,0.008192342451427593,HbO,Zima
23,ldlPFC,0.004700660668069961,HbO,Zima
23,rTPJ,-8.369510824404317e-4,HbO,Zima
23,rdlPFC,-0.030816469738900842,HbO,Zima
23,vmPFC,-0.0011727152045072802,HbO,Zima
24,dmPFC,0.04600238958172505,HbO,Zima
24,lTPJ,0.03780920018728683,HbO,Zima
24,ldlPFC,0.04174593577866246,HbO,Zima
24,rTPJ,0.03551410629119944,HbO,Zima
24,rdlPFC,0.03783197488378583,HbO,Zima
24,vmPFC,0.056740012495450916,HbO,Zima
25,dmPFC,0.05713947713534393,HbO,Zima
25,lTPJ,0.04149803208107541,HbO,Zima
25,ldlPFC,0.040258251351614024,HbO,Zima
25,rTPJ,0.0470578979853056,HbO,Zima
25,rdlPFC,0.008219430945619772,HbO,Zima
25,vmPFC,0.056863992695536714,HbO,Zima
26,dmPFC,0.058187347332592176,HbO,Zima
26,lTPJ,0.009925635474673655,HbO,Zima
26,ldlPFC,0.05790105232619244,HbO,Zima
26,rTPJ,0.03465560514911669,HbO,Zima
26,rdlPFC,0.05908266490386575,HbO,Zima
26,vmPFC,0.057103854818272015,HbO,Zima
27,dmPFC,0.021018056759664554,HbO,Zima
27,lTPJ,0.05157059719031381,HbO,Zima
27,ldlPFC,0.042280615945570095,HbO,Zima
27,rTPJ,0.018527784615654158,HbO,Zima
27,rdlPFC,-0.004647504101112028,HbO,Zima
27,vmPFC,-0.021688675545552632,HbO,Zima
28,dmPFC,0.05360375919943074,HbO,Zima
28,lTPJ,0.06492194343165521,HbO,Zima
28,ldlPFC,0.06105412963023037,HbO,Zima
28,rTPJ,0.05814215778472227,HbO,Zima
28,rdlPFC,0.07841400198304342,HbO,Zima
28,vmPFC,0.0741347650770994,HbO,Zima
29,dmPFC,0.09029132067553347,HbO,Zima
29,lTPJ,0.07728717499654152,HbO,Zima
29,ldlPFC,0.08783093922818609,HbO,Zima
29,rTPJ,0.10444169966809584,HbO,Zima
29,rdlPFC,0.08395721630133635,HbO,Zima
29,vmPFC,0.09020869598413439,HbO,Zima
30,dmPFC,0.09550392880952699,HbO,Zima
30,lTPJ,0.1075456979499193,HbO,Zima
30,ldlPFC,0.09484490424712334,HbO,Zima
30,rTPJ,0.09011834838585288,HbO,Zima
30,rdlPFC,0.09017923929864703,HbO,Zima
30,vmPFC,0.08542414522038236,HbO,Zima
31,dmPFC,0.054554655643980335,HbO,Zima
31,lTPJ,0.05693099519333358,HbO,Zima
31,ldlPFC,0.059789031933173996,HbO,Zima
31,rTPJ,0.02464504649502762,HbO,Zima
31,rdlPFC,0.041708893176033435,HbO,Zima
31,vmPFC,0.07519111410676134,HbO,Zima
32,dmPFC,0.0325173862947857,HbO,Zima
32,lTPJ,0.04861237886799293,HbO,Zima
32,ldlPFC,0.021602304502313586,HbO,Zima
32,rTPJ,0.0517103664981749,HbO,Zima
32,rdlPFC,0.019299186702648487,HbO,Zima
32,vmPFC,0.03426804114462665,HbO,Zima
33,dmPFC,0.062285538419940924,HbO,Zima
33,lTPJ,0.0671069953368439,HbO,Zima
33,ldlPFC,0.08007632926612963,HbO,Zima
33,rTPJ,0.052358061333115775,HbO,Zima
33,rdlPFC,0.07158240401714268,HbO,Zima
33,vmPFC,0.08152198408610653,HbO,Zima
34,dmPFC,-0.002294138512093338,HbO,Zima
34,lTPJ,0.028264212671552387,HbO,Zima
34,ldlPFC,0.02630268580446624,HbO,Zima
34,rTPJ,0.027078787467286116,HbO,Zima
34,rdlPFC,0.033448871522765766,HbO,Zima
34,vmPFC,-0.027073577914760196,HbO,Zima
35,dmPFC,0.030984941022589963,HbO,Zima
35,lTPJ,0.08523878210910804,HbO,Zima
35,ldlPFC,0.04416871432556875,HbO,Zima
35,rTPJ,0.07309366422553537,HbO,Zima
35,rdlPFC,0.07536325703034351,HbO,Zima
35,vmPFC,0.0154271818893214,HbO,Zima
36,dmPFC,-0.004328798331600859,HbO,Zima
36,ldlPFC,0.019138092792113693,HbO,Zima
36,rTPJ,0.003051901854851601,HbO,Zima
36,rdlPFC,0.04028112286745339,HbO,Zima
36,vmPFC,0.027474190305943075,HbO,Zima
37,dmPFC,0.027118184539965028,HbO,Zima
37,lTPJ,0.05835517871417558,HbO,Zima
37,ldlPFC,0.05443116179615509,HbO,Zima
37,rTPJ,0.05833937894342434,HbO,Zima
37,rdlPFC,0.06255358148331457,HbO,Zima
37,vmPFC,0.06323559178733933,HbO,Zima
38,dmPFC,0.025037270628999075,HbO,Zima
38,lTPJ,0.01889111809499514,HbO,Zima
38,ldlPFC,0.018538785698303827,HbO,Zima
38,rTPJ,0.03345538248234904,HbO,Zima
38,rdlPFC,0.01678821842290824,HbO,Zima
38,vmPFC,0.028431644922397196,HbO,Zima
40,dmPFC,0.04492730158173334,HbO,Zima
40,lTPJ,0.057619338212887526,HbO,Zima
40,ldlPFC,0.0575902878690764,HbO,Zima
40,rTPJ,0.0869804578021342,HbO,Zima
40,rdlPFC,0.042595291673979296,HbO,Zima
40,vmPFC,0.02841780270470002,HbO,Zima
41,dmPFC,0.022753589100570158,HbO,Zima
41,lTPJ,0.004132651922983323,HbO,Zima
41,ldlPFC,0.013056453728771327,HbO,Zima
41,rTPJ,0.023270523990566096,HbO,Zima
41,rdlPFC,0.0055540878071746016,HbO,Zima
41,vmPFC,-0.014234286186857155,HbO,Zima
42,dmPFC,0.05299360174958091,HbO,Zima
42,lTPJ,0.07328802158482502,HbO,Zima
42,ldlPFC,0.04313256333203881,HbO,Zima
42,rTPJ,0.04500048289767484,HbO,Zima
42,rdlPFC,0.07238345695333262,HbO,Zima
42,vmPFC,0.07092746069666106,HbO,Zima
43,dmPFC,0.06737230399474121,HbO,Zima
43,lTPJ,0.04051825517267319,HbO,Zima
43,ldlPFC,0.05953148617679121,HbO,Zima
43,rTPJ,0.04924264536008049,HbO,Zima
43,rdlPFC,0.07092968533847363,HbO,Zima
43,vmPFC,0.02552547286863524,HbO,Zima
44,dmPFC,0.09749764189235707,HbO,Zima
44,lTPJ,0.05331610173679845,HbO,Zima
44,ldlPFC,0.05719653300618876,HbO,Zima
44,rdlPFC,0.03929954013508719,HbO,Zima
44,vmPFC,0.00629728898421574,HbO,Zima
45,dmPFC,0.02432996633218263,HbO,Zima
45,lTPJ,0.035491284557422884,HbO,Zima
45,ldlPFC,-0.002622513630607259,HbO,Zima
45,rTPJ,0.018362950282144894,HbO,Zima
45,rdlPFC,0.022115003018793346,HbO,Zima
45,vmPFC,0.023993739492295222,HbO,Zima
46,dmPFC,0.02884480448481024,HbO,Zima
46,lTPJ,0.030725349270296833,HbO,Zima
46,ldlPFC,0.04608452759453203,HbO,Zima
46,rTPJ,0.02618275448919489,HbO,Zima
46,rdlPFC,0.06589764004118669,HbO,Zima
46,vmPFC,0.05718274228643961,HbO,Zima
47,dmPFC,0.028876249637437647,HbO,Zima
47,ldlPFC,0.056370434844861594,HbO,Zima
47,rdlPFC,0.01003028526930479,HbO,Zima
47,vmPFC,0.03682465427797722,HbO,Zima
50,dmPFC,0.0015671348185095544,HbO,Zima
50,lTPJ,-0.019420145639482467,HbO,Zima
50,ldlPFC,0.0025011511740493262,HbO,Zima
50,rTPJ,-0.022385336341963335,HbO,Zima
50,rdlPFC,-0.0010388978782779432,HbO,Zima
50,vmPFC,0.016233963238995425,HbO,Zima
64,dmPFC,0.03762321071264567,HbO,Zima
64,lTPJ,0.057888704815144076,HbO,Zima
64,ldlPFC,0.060743436019398835,HbO,Zima
64,rTPJ,0.05819370551091359,HbO,Zima
64,rdlPFC,0.053468696115790554,HbO,Zima
64,vmPFC,0.0447188161427857,HbO,Zima
65,dmPFC,0.04514007752462323,HbO,Zima
65,lTPJ,0.03901099702209734,HbO,Zima
65,ldlPFC,0.05384768941244139,HbO,Zima
65,rTPJ,0.04195437961844996,HbO,Zima
65,rdlPFC,0.0565856973876554,HbO,Zima
65,vmPFC,0.062086730487516124,HbO,Zima
66,dmPFC,0.05732056319061355,HbO,Zima
66,lTPJ,0.06402260278848142,HbO,Zima
66,ldlPFC,0.07079065877892582,HbO,Zima
66,rTPJ,0.06632918503852968,HbO,Zima
66,rdlPFC,0.0692993824882991,HbO,Zima
66,vmPFC,0.0825164126917859,HbO,Zima
69,lTPJ,0.07413161550545082,HbO,Zima
69,ldlPFC,0.05814636966742993,HbO,Zima
69,rTPJ,0.08993700930378554,HbO,Zima
69,rdlPFC,0.0736213390899677,HbO,Zima
69,vmPFC,0.04901515452102601,HbO,Zima
70,dmPFC,0.04595506780238377,HbO,Zima
70,lTPJ,0.05234266654475628,HbO,Zima
70,ldlPFC,0.057431732584495895,HbO,Zima
70,rTPJ,0.025136957243173875,HbO,Zima
70,rdlPFC,0.04308336229517758,HbO,Zima
70,vmPFC,0.048001633022112064,HbO,Zima
71,dmPFC,0.043459271105549833,HbO,Zima
71,lTPJ,0.07560803543833043,HbO,Zima
71,ldlPFC,0.05836830499844691,HbO,Zima
71,rTPJ,0.08286930681119846,HbO,Zima
71,rdlPFC,0.06533539644916778,HbO,Zima
71,vmPFC,0.07860416771962615,HbO,Zima
73,dmPFC,-0.016829499895997996,HbO,Zima
73,lTPJ,0.022538314861782902,HbO,Zima
73,ldlPFC,-0.016819415484050682,HbO,Zima
73,rTPJ,0.00803941361353619,HbO,Zima
73,rdlPFC,-0.0185448370228716,HbO,Zima
73,vmPFC,-0.05376815910447796,HbO,Zima
75,dmPFC,0.24515082583009556,HbO,Zima
75,lTPJ,Inf,HbO,Zima
75,ldlPFC,Inf,HbO,Zima
75,rTPJ,Inf,HbO,Zima
75,rdlPFC,0.24589657340764923,HbO,Zima
75,vmPFC,Inf,HbO,Zima
76,dmPFC,0.05349136763050351,HbO,Zima
76,lTPJ,0.06902084641281339,HbO,Zima
76,ldlPFC,0.0700587451399185,HbO,Zima
76,rTPJ,0.06031735833757007,HbO,Zima
76,rdlPFC,0.06406685226761188,HbO,Zima
76,vmPFC,0.04522311110342157,HbO,Zima
80,dmPFC,0.09031559513328671,HbO,Zima
80,lTPJ,0.06968361309509051,HbO,Zima
80,ldlPFC,0.0870245209670334,HbO,Zima
80,rTPJ,0.12041608082751422,HbO,Zima
80,rdlPFC,0.09098597492978919,HbO,Zima
80,vmPFC,0.08839323832276491,HbO,Zima
81,dmPFC,0.04755604274428389,HbO,Zima
81,lTPJ,0.06944765581874365,HbO,Zima
81,ldlPFC,0.03558386782456674,HbO,Zima
81,rTPJ,0.07873992780004284,HbO,Zima
81,rdlPFC,0.04632175886001399,HbO,Zima
81,vmPFC,0.03601730197680238,HbO,Zima
82,dmPFC,0.06743635728557064,HbO,Zima
82,lTPJ,0.09152907412259116,HbO,Zima
82,ldlPFC,0.09710693706421818,HbO,Zima
82,rTPJ,0.0760276257075048,HbO,Zima
82,rdlPFC,0.07627691888791244,HbO,Zima
82,vmPFC,0.08369158756874828,HbO,Zima
84,dmPFC,0.0855601165731233,HbO,Zima
84,lTPJ,0.06893800089212065,HbO,Zima
84,ldlPFC,0.039451177908529526,HbO,Zima
84,rTPJ,0.06257636063969296,HbO,Zima
84,rdlPFC,0.053141459389761114,HbO,Zima
84,vmPFC,0.06552824354255396,HbO,Zima
86,dmPFC,0.067096793713133,HbO,Zima
86,lTPJ,0.03822924495352602,HbO,Zima
86,ldlPFC,0.07020756439115722,HbO,Zima
86,rTPJ,0.029997372104382466,HbO,Zima
86,rdlPFC,0.08188354752545056,HbO,Zima
86,vmPFC,0.05626194245793274,HbO,Zima
87,dmPFC,0.018965353879703856,HbO,Zima
87,lTPJ,-0.00815079100688858,HbO,Zima
87,ldlPFC,0.020144928907508415,HbO,Zima
87,rTPJ,0.0029969861386557163,HbO,Zima
87,rdlPFC,-0.009953565844000726,HbO,Zima
87,vmPFC,0.00757011143142583,HbO,Zima
88,dmPFC,0.03907931665835808,HbO,Zima
88,lTPJ,0.015043675757865955,HbO,Zima
88,ldlPFC,0.04606739304390225,HbO,Zima
88,rTPJ,0.019840481641808645,HbO,Zima
88,rdlPFC,0.04143556581811844,HbO,Zima
88,vmPFC,0.05889261222077065,HbO,Zima
89,dmPFC,0.003879836449395691,HbO,Zima
89,lTPJ,-0.001595988388715657,HbO,Zima
89,ldlPFC,0.008161975601866472,HbO,Zima
89,rTPJ,0.003857952957654393,HbO,Zima
89,rdlPFC,-0.012346962040185816,HbO,Zima
89,vmPFC,0.008209839652648205,HbO,Zima
90,dmPFC,0.02036169503024547,HbO,Zima
90,lTPJ,0.0426591363720249,HbO,Zima
90,ldlPFC,0.014957130683114656,HbO,Zima
90,rTPJ,0.058803460873377386,HbO,Zima
90,rdlPFC,0.018449108311124077,HbO,Zima
90,vmPFC,0.02206805659372862,HbO,Zima
91,dmPFC,0.009331116852158771,HbO,Zima
91,lTPJ,0.005022995976629716,HbO,Zima
91,ldlPFC,0.025189944574185347,HbO,Zima
91,rTPJ,0.01255481784756524,HbO,Zima
91,rdlPFC,0.02627502959651086,HbO,Zima
91,vmPFC,0.010997469161314328,HbO,Zima
92,dmPFC,-0.0030273441115517964,HbO,Zima
92,lTPJ,0.0063959616861010045,HbO,Zima
92,ldlPFC,0.010167512819576908,HbO,Zima
92,rTPJ,0.03363779087791591,HbO,Zima
92,rdlPFC,0.007897543658169096,HbO,Zima
92,vmPFC,0.018714714971913845,HbO,Zima
93,dmPFC,0.05706703586999578,HbO,Zima
93,lTPJ,0.093050913402993235,HbO,Zima
93,ldlPFC,0.06582468645511215,HbO,Zima
93,rTPJ,0.07568604898750071,HbO,Zima
93,rdlPFC,0.07240365815103665,HbO,Zima
93,vmPFC,0.06345248186509263,HbO,Zima
94,dmPFC,0.07907197187091893,HbO,Zima
94,lTPJ,0.07133174356428967,HbO,Zima
94,ldlPFC,0.08031878651490648,HbO,Zima
94,rTPJ,0.07686732931610443,HbO,Zima
94,rdlPFC,0.08116677325641793,HbO,Zima
94,vmPFC,0.08627748501747086,HbO,Zima
95,dmPFC,0.054282733082333556,HbO,Zima
95,lTPJ,0.057895681327522784,HbO,Zima
95,ldlPFC,0.048481068512930874,HbO,Zima
95,rTPJ,0.04426180184499906,HbO,Zima
95,rdlPFC,0.05887210713339219,HbO,Zima
95,vmPFC,0.07811090727991415,HbO,Zima
96,dmPFC,0.037909108422778365,HbO,Zima
96,lTPJ,0.026897267724176128,HbO,Zima
96,ldlPFC,0.017794044777511668,HbO,Zima
96,rTPJ,0.03620549316296392,HbO,Zima
96,rdlPFC,0.028502182187841344,HbO,Zima
96,vmPFC,0.029896438722747963,HbO,Zima
97,dmPFC,0.05875836630813782,HbO,Zima
97,lTPJ,0.05200326922731931,HbO,Zima
97,ldlPFC,0.05410724155598283,HbO,Zima
97,rTPJ,0.03824876363288186,HbO,Zima
97,rdlPFC,0.05622000155973007,HbO,Zima
97,vmPFC,0.06516562180652082,HbO,Zima
98,dmPFC,0.07162344436632,HbO,Zima
98,lTPJ,0.058044982862032496,HbO,Zima
98,ldlPFC,0.058368403511081,HbO,Zima
98,rTPJ,0.05997854070496996,HbO,Zima
98,rdlPFC,0.0500410469310733,HbO,Zima
98,vmPFC,0.06702177505398926,HbO,Zima
99,dmPFC,0.017088989552709617,HbO,Zima
99,lTPJ,6.12457929350302e-4,HbO,Zima
99,ldlPFC,0.032456472975211606,HbO,Zima
99,rTPJ,-0.0159923415114335,HbO,Zima
99,rdlPFC,0.03127595857639029,HbO,Zima
99,vmPFC,0.017061138415166655,HbO,Zima
2,dmPFC,0.0027931465483551463,HbR,Zima
2,lTPJ,0.027000330970327238,HbR,Zima
2,ldlPFC,0.010199081419114889,HbR,Zima
2,rTPJ,-0.00117412306283119,HbR,Zima
2,rdlPFC,-9.987003617076664e-4,HbR,Zima
2,vmPFC,0.006854931914646129,HbR,Zima
3,dmPFC,0.0024138540963746942,HbR,Zima
3,lTPJ,0.03442991201923079,HbR,Zima
3,ldlPFC,0.007390561063193387,HbR,Zima
3,rTPJ,0.019755892492958838,HbR,Zima
3,rdlPFC,7.515461710397345e-4,HbR,Zima
3,vmPFC,-0.009553740768952278,HbR,Zima
4,dmPFC,-7.639560939183709e-4,HbR,Zima
4,lTPJ,0.01724904826672847,HbR,Zima
4,ldlPFC,-0.006777622607603473,HbR,Zima
4,rTPJ,0.004573962311051861,HbR,Zima
4,rdlPFC,-0.03095862273526655,HbR,Zima
4,vmPFC,0.019532608835876736,HbR,Zima
5,dmPFC,0.010271929798121075,HbR,Zima
5,lTPJ,0.01447263571925252,HbR,Zima
5,ldlPFC,0.011776501913755509,HbR,Zima
5,rTPJ,0.01310546099818341,HbR,Zima
5,rdlPFC,0.029039477862908156,HbR,Zima
5,vmPFC,0.02438499781973545,HbR,Zima
51,dmPFC,-0.001711997141083489,HbR,Zima
51,lTPJ,0.0012571507302895925,HbR,Zima
51,ldlPFC,0.010183133998044614,HbR,Zima
51,rTPJ,0.009169835562218608,HbR,Zima
51,rdlPFC,0.0030340863896434725,HbR,Zima
51,vmPFC,-0.003180848238529595,HbR,Zima
54,dmPFC,0.004682110540312726,HbR,Zima
54,lTPJ,0.007122074946570128,HbR,Zima
54,ldlPFC,0.010124929997509843,HbR,Zima
54,rTPJ,0.027379744739041673,HbR,Zima
54,rdlPFC,0.014025402185996247,HbR,Zima
54,vmPFC,0.05545297077757706,HbR,Zima
55,dmPFC,3.3953125420715284e-4,HbR,Zima
55,ldlPFC,0.00567058921769382,HbR,Zima
55,rdlPFC,-0.005847384351273322,HbR,Zima
55,vmPFC,0.023193813838027877,HbR,Zima
56,dmPFC,-0.007090360229729397,HbR,Zima
56,lTPJ,0.013550800365479239,HbR,Zima
56,ldlPFC,0.0033448721116891983,HbR,Zima
56,rTPJ,0.01433359370328384,HbR,Zima
56,rdlPFC,-0.0035801834256925695,HbR,Zima
56,vmPFC,0.0012823614996044076,HbR,Zima
57,dmPFC,-0.004801570676242184,HbR,Zima
57,lTPJ,0.009076247904047898,HbR,Zima
57,ldlPFC,-0.003227812072219582,HbR,Zima
57,rTPJ,0.02690329308392825,HbR,Zima
57,rdlPFC,-0.008638792935359971,HbR,Zima
57,vmPFC,0.019736532030974523,HbR,Zima
6,dmPFC,0.012868185616635068,HbR,Zima
6,lTPJ,0.028458398818049395,HbR,Zima
6,ldlPFC,-0.008325509548486796,HbR,Zima
6,rTPJ,0.015625678483033773,HbR,Zima
6,rdlPFC,0.0011238514308951999,HbR,Zima
6,vmPFC,7.970607243325506e-5,HbR,Zima
60,dmPFC,8.640270409422121e-4,HbR,Zima
60,lTPJ,0.019638309105528225,HbR,Zima
60,ldlPFC,-7.086635421611863e-4,HbR,Zima
60,rTPJ,0.029112999704872987,HbR,Zima
60,rdlPFC,0.008417166740879016,HbR,Zima
60,vmPFC,0.02785385772443981,HbR,Zima
61,dmPFC,-0.0059720390761948215,HbR,Zima
61,lTPJ,0.045545420092723124,HbR,Zima
61,ldlPFC,0.0033815716516103567,HbR,Zima
61,rTPJ,0.04797829832655464,HbR,Zima
61,rdlPFC,0.007026800197876392,HbR,Zima
61,vmPFC,0.0357315559974733,HbR,Zima
62,dmPFC,-0.004356927544636791,HbR,Zima
62,lTPJ,-0.0024167162575391508,HbR,Zima
62,ldlPFC,0.007445050493122209,HbR,Zima
62,rTPJ,-0.020473492798731025,HbR,Zima
62,rdlPFC,-0.006492900707739974,HbR,Zima
62,vmPFC,-0.010529390770045244,HbR,Zima
67,dmPFC,0.004975979808294395,HbR,Zima
67,lTPJ,0.014058591146651445,HbR,Zima
67,ldlPFC,0.018899903830632836,HbR,Zima
67,rTPJ,0.013831733021603254,HbR,Zima
67,rdlPFC,0.03095753341563429,HbR,Zima
67,vmPFC,-5.685991140669018e-4,HbR,Zima
68,dmPFC,0.0027661852214056295,HbR,Zima
68,lTPJ,-0.014268719276304914,HbR,Zima
68,ldlPFC,0.007803586462516469,HbR,Zima
68,rTPJ,0.011588781838345604,HbR,Zima
68,rdlPFC,0.020650143370914763,HbR,Zima
68,vmPFC,0.0350933837472608,HbR,Zima
7,dmPFC,0.0045270536622684845,HbR,Zima
7,lTPJ,0.015874411918429247,HbR,Zima
7,ldlPFC,-0.010850152234439397,HbR,Zima
7,rTPJ,0.032828447278915804,HbR,Zima
7,rdlPFC,0.014198735541623325,HbR,Zima
7,vmPFC,0.017746669561246813,HbR,Zima
72,dmPFC,-5.394592043801746e-4,HbR,Zima
72,lTPJ,0.0592535026297621,HbR,Zima
72,ldlPFC,-0.009583932281905499,HbR,Zima
72,rTPJ,0.024080859600269653,HbR,Zima
72,rdlPFC,0.03001450287029813,HbR,Zima
72,vmPFC,0.03038651675407261,HbR,Zima
78,dmPFC,-0.007657877344451315,HbR,Zima
78,lTPJ,0.027281401392751498,HbR,Zima
78,ldlPFC,0.03147656394163684,HbR,Zima
78,rTPJ,0.027236459617273574,HbR,Zima
78,rdlPFC,0.013722919525557977,HbR,Zima
78,vmPFC,0.030847520379962152,HbR,Zima
79,dmPFC,-5.820336887967906e-4,HbR,Zima
79,lTPJ,0.01907699174456823,HbR,Zima
79,ldlPFC,-0.008391669780041707,HbR,Zima
79,rTPJ,5.798129277115882e-5,HbR,Zima
79,rdlPFC,2.1679333390754266e-4,HbR,Zima
79,vmPFC,0.010881764949970743,HbR,Zima
8,dmPFC,0.016679590658072282,HbR,Zima
8,lTPJ,-0.01129546835068089,HbR,Zima
8,ldlPFC,-0.011859101057923524,HbR,Zima
8,rTPJ,-0.0063895918569884915,HbR,Zima
8,rdlPFC,-0.0022779394698041544,HbR,Zima
8,vmPFC,-0.0025387592681169876,HbR,Zima
83,dmPFC,-0.013448905965843224,HbR,Zima
83,lTPJ,0.01068742884267309,HbR,Zima
83,ldlPFC,0.02077116761234865,HbR,Zima
83,rTPJ,0.03271394419706981,HbR,Zima
83,rdlPFC,0.004330003076086634,HbR,Zima
83,vmPFC,-0.021304147661811174,HbR,Zima
85,dmPFC,6.16153533885947e-4,HbR,Zima
85,lTPJ,0.010680746197304773,HbR,Zima
85,ldlPFC,-0.009789919685421138,HbR,Zima
85,rTPJ,0.02208680880364164,HbR,Zima
85,rdlPFC,-0.011541761734157429,HbR,Zima
85,vmPFC,5.918142444662346e-4,HbR,Zima
9,dmPFC,-0.0027696472970381997,HbR,Zima
9,lTPJ,0.037275969362330644,HbR,Zima
9,ldlPFC,0.013813396146995623,HbR,Zima
9,rTPJ,0.006742429465154894,HbR,Zima
9,rdlPFC,0.012229889702913253,HbR,Zima
9,vmPFC,0.02127079598243766,HbR,Zima
10,dmPFC,-0.007403912554962262,HbR,Zima
10,lTPJ,0.014460152371816406,HbR,Zima
10,ldlPFC,-0.004954348530531894,HbR,Zima
10,rdlPFC,-0.00936535208246554,HbR,Zima
10,vmPFC,0.026461891547040022,HbR,Zima
100,dmPFC,0.0053381038962500215,HbR,Zima
100,lTPJ,0.010986801757956815,HbR,Zima
100,ldlPFC,-0.0022689421797877202,HbR,Zima
100,rTPJ,0.014103386958327795,HbR,Zima
100,rdlPFC,2.1111941699940238e-4,HbR,Zima
100,vmPFC,0.01183841093318341,HbR,Zima
101,dmPFC,-5.497501669350301e-4,HbR,Zima
101,lTPJ,0.010630750481766827,HbR,Zima
101,ldlPFC,-0.005340919036362703,HbR,Zima
101,rTPJ,0.010647622425776543,HbR,Zima
101,rdlPFC,-0.015080200943448254,HbR,Zima
101,vmPFC,-0.009566744878153243,HbR,Zima
105,dmPFC,-0.0011684387233856694,HbR,Zima
105,lTPJ,0.02211216222972735,HbR,Zima
105,ldlPFC,-0.004918336593982167,HbR,Zima
105,rTPJ,0.024260649993802237,HbR,Zima
105,rdlPFC,0.015104142476085528,HbR,Zima
105,vmPFC,0.028671159316233295,HbR,Zima
108,dmPFC,0.014757277871023341,HbR,Zima
108,lTPJ,0.028727711946101783,HbR,Zima
108,ldlPFC,0.002409819435940022,HbR,Zima
108,rTPJ,0.036079006970007446,HbR,Zima
108,rdlPFC,0.009423927304646461,HbR,Zima
108,vmPFC,0.018802468967399524,HbR,Zima
109,dmPFC,-7.663224937854428e-4,HbR,Zima
109,lTPJ,0.05132330200329695,HbR,Zima
109,ldlPFC,7.55379028256943e-4,HbR,Zima
109,rTPJ,0.014007563689270103,HbR,Zima
109,rdlPFC,0.004759264968084651,HbR,Zima
109,vmPFC,0.021776264165995325,HbR,Zima
11,dmPFC,0.016751761049993468,HbR,Zima
11,lTPJ,0.012153751701411523,HbR,Zima
11,ldlPFC,-0.002424622928587019,HbR,Zima
11,rTPJ,0.014371212386538242,HbR,Zima
11,rdlPFC,0.0228044462912476,HbR,Zima
11,vmPFC,0.03962174604502264,HbR,Zima
112,dmPFC,-0.006152629221935336,HbR,Zima
112,lTPJ,0.0020942390785187977,HbR,Zima
112,ldlPFC,0.008467450574078515,HbR,Zima
112,rTPJ,0.008748357280196734,HbR,Zima
112,rdlPFC,7.62961185014293e-4,HbR,Zima
112,vmPFC,-0.013165640710387906,HbR,Zima
113,dmPFC,-0.01843788413790737,HbR,Zima
113,lTPJ,0.004390506404704559,HbR,Zima
113,ldlPFC,0.013271310152224916,HbR,Zima
113,rTPJ,-0.00888872314162404,HbR,Zima
113,rdlPFC,0.018413155747805412,HbR,Zima
113,vmPFC,-0.01170169661538946,HbR,Zima
114,dmPFC,-0.0024899504907472912,HbR,Zima
114,lTPJ,0.017353006046023845,HbR,Zima
114,ldlPFC,-0.007534082030829819,HbR,Zima
114,rTPJ,-0.010075699532499666,HbR,Zima
114,rdlPFC,0.0014498081361219188,HbR,Zima
114,vmPFC,0.010497614636605172,HbR,Zima
12,dmPFC,-0.0023704263447364327,HbR,Zima
12,lTPJ,0.007176132116414236,HbR,Zima
12,ldlPFC,0.001319273717440986,HbR,Zima
12,rTPJ,0.03379761069608216,HbR,Zima
12,rdlPFC,0.0057857672942746245,HbR,Zima
12,vmPFC,-0.009254841023783433,HbR,Zima
13,dmPFC,-0.007416041809399445,HbR,Zima
13,lTPJ,0.062463090679262374,HbR,Zima
13,ldlPFC,0.03350404691138295,HbR,Zima
13,rTPJ,0.030727058326083617,HbR,Zima
13,rdlPFC,0.009318472005137727,HbR,Zima
13,vmPFC,0.03718522754460638,HbR,Zima
14,dmPFC,-0.0062543714391866964,HbR,Zima
14,lTPJ,0.018277371399404725,HbR,Zima
14,ldlPFC,-0.001872341167443262,HbR,Zima
14,rTPJ,0.02062246608876624,HbR,Zima
14,rdlPFC,0.006074026033708838,HbR,Zima
14,vmPFC,-0.031679138921322396,HbR,Zima
15,dmPFC,-0.004582350092090195,HbR,Zima
15,lTPJ,-0.008136419653705153,HbR,Zima
15,ldlPFC,-8.77544454017534e-5,HbR,Zima
15,rTPJ,0.01659498071739938,HbR,Zima
15,rdlPFC,-0.008692956885440209,HbR,Zima
15,vmPFC,-0.004812787217040512,HbR,Zima
16,dmPFC,-0.0017942264371072665,HbR,Zima
16,lTPJ,-0.0026774970437828736,HbR,Zima
16,ldlPFC,-0.01956574490371937,HbR,Zima
16,rTPJ,-0.004108177385625263,HbR,Zima
16,rdlPFC,-0.00411275459585091,HbR,Zima
16,vmPFC,0.01875896465563645,HbR,Zima
17,dmPFC,0.008248598563719017,HbR,Zima
17,lTPJ,0.007676864775926114,HbR,Zima
17,ldlPFC,0.0046793512164257246,HbR,Zima
17,rTPJ,0.029591376887835804,HbR,Zima
17,rdlPFC,0.009485031758493058,HbR,Zima
17,vmPFC,0.029732942352871092,HbR,Zima
18,dmPFC,0.011450293281515088,HbR,Zima
18,lTPJ,0.036489120247704086,HbR,Zima
18,ldlPFC,0.010110755176233818,HbR,Zima
18,rTPJ,0.0024219797851413637,HbR,Zima
18,rdlPFC,-0.0011006897544283602,HbR,Zima
18,vmPFC,-0.02814638233365755,HbR,Zima
19,dmPFC,-0.007666019249607645,HbR,Zima
19,lTPJ,0.022486873545466857,HbR,Zima
19,ldlPFC,0.004724033597787101,HbR,Zima
19,rTPJ,0.0077236730768500345,HbR,Zima
19,rdlPFC,0.002429767199467844,HbR,Zima
19,vmPFC,0.014879685978249207,HbR,Zima
20,dmPFC,0.023501822156666935,HbR,Zima
20,lTPJ,-0.00615330150328862,HbR,Zima
20,ldlPFC,0.007452204276985996,HbR,Zima
20,rTPJ,-2.66202579801285e-5,HbR,Zima
20,rdlPFC,0.03289862908688349,HbR,Zima
20,vmPFC,0.007590742741888392,HbR,Zima
21,dmPFC,-0.006372269102616859,HbR,Zima
21,lTPJ,0.006674018392554506,HbR,Zima
21,ldlPFC,0.02232012989177164,HbR,Zima
21,rTPJ,-0.009413639055042021,HbR,Zima
21,rdlPFC,0.017740414582185764,HbR,Zima
21,vmPFC,0.014686116549967298,HbR,Zima
22,dmPFC,0.0023420414993232746,HbR,Zima
22,rTPJ,0.017386877136308893,HbR,Zima
22,rdlPFC,0.005885798507939254,HbR,Zima
22,vmPFC,0.04877826740593683,HbR,Zima
23,dmPFC,0.011979209918176859,HbR,Zima
23,lTPJ,0.010277806531796581,HbR,Zima
23,ldlPFC,0.01736539770318112,HbR,Zima
23,rTPJ,0.015353310461133456,HbR,Zima
23,rdlPFC,-0.005796102637583133,HbR,Zima
23,vmPFC,0.02706128487372298,HbR,Zima
24,dmPFC,-0.003409494725226776,HbR,Zima
24,lTPJ,0.02015661630680696,HbR,Zima
24,ldlPFC,0.02330412690895205,HbR,Zima
24,rTPJ,-0.009470472948247015,HbR,Zima
24,rdlPFC,0.011598040790862869,HbR,Zima
24,vmPFC,0.018129650092549566,HbR,Zima
25,dmPFC,-0.0040402568365218074,HbR,Zima
25,lTPJ,0.013136730385442991,HbR,Zima
25,ldlPFC,0.0040171851476846696,HbR,Zima
25,rTPJ,0.03754290021121066,HbR,Zima
25,rdlPFC,0.003368683571952336,HbR,Zima
25,vmPFC,0.007946172896475263,HbR,Zima
26,dmPFC,-0.0071171106216661945,HbR,Zima
26,lTPJ,0.03571525621061543,HbR,Zima
26,ldlPFC,0.0086457663770536,HbR,Zima
26,rTPJ,0.027049572746720596,HbR,Zima
26,rdlPFC,1.6267577288433017e-4,HbR,Zima
26,vmPFC,-0.01593552746229781,HbR,Zima
27,dmPFC,0.017920911878615157,HbR,Zima
27,lTPJ,-0.003612856107316809,HbR,Zima
27,ldlPFC,-0.007778788000421615,HbR,Zima
27,rTPJ,0.013845559903674145,HbR,Zima
27,rdlPFC,-0.005430474898954827,HbR,Zima
27,vmPFC,0.01071927944575061,HbR,Zima
28,dmPFC,0.004952282023111934,HbR,Zima
28,lTPJ,7.631490717436634e-4,HbR,Zima
28,ldlPFC,-0.0014367119027074045,HbR,Zima
28,rTPJ,0.022149653820679793,HbR,Zima
28,rdlPFC,0.011797755792569484,HbR,Zima
28,vmPFC,0.030249953903291688,HbR,Zima
29,dmPFC,0.018170588341903812,HbR,Zima
29,lTPJ,0.043147316733432875,HbR,Zima
29,ldlPFC,0.036071791430680254,HbR,Zima
29,rTPJ,0.015226589496225625,HbR,Zima
29,rdlPFC,0.022506154685274254,HbR,Zima
29,vmPFC,0.0481032438168241,HbR,Zima
30,dmPFC,0.003391097991817549,HbR,Zima
30,lTPJ,0.03251440812170993,HbR,Zima
30,ldlPFC,0.015967042509982467,HbR,Zima
30,rTPJ,-0.002441578250555469,HbR,Zima
30,rdlPFC,-0.003047621654405895,HbR,Zima
30,vmPFC,0.02093548529202782,HbR,Zima
31,dmPFC,-9.340089386243876e-4,HbR,Zima
31,lTPJ,-0.005583276581167101,HbR,Zima
31,ldlPFC,0.003488944640051452,HbR,Zima
31,rTPJ,-0.0023161138372076017,HbR,Zima
31,rdlPFC,0.001399756983740295,HbR,Zima
31,vmPFC,-0.0019544717064424646,HbR,Zima
32,dmPFC,0.007367721144027252,HbR,Zima
32,lTPJ,0.017617832187058972,HbR,Zima
32,ldlPFC,0.0012530210343631649,HbR,Zima
32,rTPJ,0.011072119815157476,HbR,Zima
32,rdlPFC,0.004956037912293674,HbR,Zima
32,vmPFC,0.012082934411455816,HbR,Zima
33,dmPFC,0.020476820300342723,HbR,Zima
33,lTPJ,0.007120055237950623,HbR,Zima
33,ldlPFC,0.022882651337312987,HbR,Zima
33,rTPJ,0.004091507529609108,HbR,Zima
33,rdlPFC,0.006751428154118038,HbR,Zima
33,vmPFC,0.026636009542404408,HbR,Zima
34,dmPFC,-0.008873389440529036,HbR,Zima
34,lTPJ,0.014874715560650497,HbR,Zima
34,ldlPFC,0.011407338410739952,HbR,Zima
34,rTPJ,0.028546203104633534,HbR,Zima
34,rdlPFC,0.006316691402089418,HbR,Zima
34,vmPFC,0.0015399139490597314,HbR,Zima
35,dmPFC,0.009365985294728837,HbR,Zima
35,lTPJ,0.016215631384235128,HbR,Zima
35,ldlPFC,0.005275872579536443,HbR,Zima
35,rTPJ,0.02812665150631075,HbR,Zima
35,rdlPFC,0.0069760331412007555,HbR,Zima
35,vmPFC,0.019114028561742585,HbR,Zima
36,dmPFC,0.0031851592231805816,HbR,Zima
36,ldlPFC,0.012699017108730906,HbR,Zima
36,rTPJ,-0.004595947884375529,HbR,Zima
36,rdlPFC,0.008103598363916177,HbR,Zima
36,vmPFC,0.030587513414638782,HbR,Zima
37,dmPFC,0.0045941803364422515,HbR,Zima
37,lTPJ,0.004915467012531605,HbR,Zima
37,ldlPFC,0.013413587391706,HbR,Zima
37,rTPJ,0.021450452606354763,HbR,Zima
37,rdlPFC,0.007318484020029706,HbR,Zima
37,vmPFC,0.01726737362413959,HbR,Zima
38,dmPFC,-0.006161983690660612,HbR,Zima
38,lTPJ,-0.01414683137911299,HbR,Zima
38,ldlPFC,-0.013453174086910586,HbR,Zima
38,rTPJ,0.008357406982492053,HbR,Zima
38,rdlPFC,0.0036507492252736353,HbR,Zima
38,vmPFC,-0.01608242133359033,HbR,Zima
40,dmPFC,0.00328329208770535,HbR,Zima
40,lTPJ,0.007947594588534355,HbR,Zima
40,ldlPFC,0.028153582068548483,HbR,Zima
40,rTPJ,0.0028501533165618625,HbR,Zima
40,rdlPFC,0.024965168628586876,HbR,Zima
40,vmPFC,0.008407023961369834,HbR,Zima
41,dmPFC,-0.007864963063432722,HbR,Zima
41,lTPJ,0.006635856189477357,HbR,Zima
41,ldlPFC,-0.010881036583105106,HbR,Zima
41,rTPJ,-0.012607663635446052,HbR,Zima
41,rdlPFC,6.437460354726396e-6,HbR,Zima
41,vmPFC,-0.026345264951266677,HbR,Zima
42,dmPFC,-0.009783629937814474,HbR,Zima
42,lTPJ,0.05295919492164966,HbR,Zima
42,ldlPFC,-0.005187669868796033,HbR,Zima
42,rTPJ,0.005992757343693463,HbR,Zima
42,rdlPFC,-0.008519078887152264,HbR,Zima
42,vmPFC,-0.0065635143965791475,HbR,Zima
43,dmPFC,-0.008902545003181543,HbR,Zima
43,lTPJ,0.011891960998571526,HbR,Zima
43,ldlPFC,-0.004574335033737532,HbR,Zima
43,rTPJ,0.03414328226563941,HbR,Zima
43,rdlPFC,0.011215276584603915,HbR,Zima
43,vmPFC,0.006024872221272225,HbR,Zima
44,dmPFC,0.016084977157449703,HbR,Zima
44,lTPJ,-2.618231342878088e-4,HbR,Zima
44,ldlPFC,0.016345269660921067,HbR,Zima
44,rdlPFC,0.005394243520410435,HbR,Zima
44,vmPFC,0.05470093981299726,HbR,Zima
45,dmPFC,0.002030715396058202,HbR,Zima
45,lTPJ,1.3957611827142754e-4,HbR,Zima
45,ldlPFC,0.003345017815056147,HbR,Zima
45,rTPJ,0.0036765187022596785,HbR,Zima
45,rdlPFC,0.015340123265751432,HbR,Zima
45,vmPFC,0.023506098147811117,HbR,Zima
46,dmPFC,0.00798671444325461,HbR,Zima
46,lTPJ,0.024128182246516885,HbR,Zima
46,ldlPFC,0.023201204239251816,HbR,Zima
46,rTPJ,0.0024422504970943023,HbR,Zima
46,rdlPFC,0.01850754480156227,HbR,Zima
46,vmPFC,0.009911530722925608,HbR,Zima
47,dmPFC,0.005353325350646718,HbR,Zima
47,ldlPFC,0.00892608062847528,HbR,Zima
47,rdlPFC,-0.003889473110151055,HbR,Zima
47,vmPFC,0.015730213038663753,HbR,Zima
50,dmPFC,0.016068412072902445,HbR,Zima
50,lTPJ,0.018589738449668988,HbR,Zima
50,ldlPFC,0.009751742455936014,HbR,Zima
50,rTPJ,0.023666235757175056,HbR,Zima
50,rdlPFC,0.011445614755145671,HbR,Zima
50,vmPFC,0.016163299643177562,HbR,Zima
64,dmPFC,-3.596401137104491e-4,HbR,Zima
64,lTPJ,-0.0035309964551128864,HbR,Zima
64,ldlPFC,0.0039207319800335224,HbR,Zima
64,rTPJ,0.012319678481467807,HbR,Zima
64,rdlPFC,0.01932614398332585,HbR,Zima
64,vmPFC,0.007382944599459689,HbR,Zima
65,dmPFC,0.012153764148665851,HbR,Zima
65,lTPJ,0.003089923720585451,HbR,Zima
65,ldlPFC,-0.001936075600632159,HbR,Zima
65,rTPJ,-0.0017657976138501258,HbR,Zima
65,rdlPFC,-0.006364079899749082,HbR,Zima
65,vmPFC,-0.0038528878030486707,HbR,Zima
66,dmPFC,0.0026319065897930133,HbR,Zima
66,lTPJ,0.007834083692726429,HbR,Zima
66,ldlPFC,0.015578741819977126,HbR,Zima
66,rTPJ,0.0027679210670030377,HbR,Zima
66,rdlPFC,-0.004968926340103673,HbR,Zima
66,vmPFC,0.022401081359199083,HbR,Zima
69,lTPJ,-0.004085305125323879,HbR,Zima
69,ldlPFC,0.014239639156889704,HbR,Zima
69,rTPJ,0.007029213597055122,HbR,Zima
69,rdlPFC,0.015601253201352458,HbR,Zima
69,vmPFC,0.005077006612765965,HbR,Zima
70,dmPFC,-0.006033246942297197,HbR,Zima
70,lTPJ,0.007448490222129449,HbR,Zima
70,ldlPFC,0.010653409207192474,HbR,Zima
70,rTPJ,-1.1432384419168296e-4,HbR,Zima
70,rdlPFC,0.005242930918042881,HbR,Zima
70,vmPFC,0.016941027758442983,HbR,Zima
71,dmPFC,0.004555348623966094,HbR,Zima
71,lTPJ,0.03430911615997552,HbR,Zima
71,ldlPFC,0.013327078792235356,HbR,Zima
71,rTPJ,0.027819079101723255,HbR,Zima
71,rdlPFC,-0.0020671070381573474,HbR,Zima
71,vmPFC,0.04079639305594886,HbR,Zima
73,dmPFC,0.002005978589768637,HbR,Zima
73,lTPJ,0.01720729824478634,HbR,Zima
73,ldlPFC,0.006530883314837323,HbR,Zima
73,rTPJ,0.03431447123811403,HbR,Zima
73,rdlPFC,0.0010189033338609869,HbR,Zima
73,vmPFC,0.001519908258838098,HbR,Zima
75,dmPFC,0.2125326907829136,HbR,Zima
75,lTPJ,Inf,HbR,Zima
75,ldlPFC,Inf,HbR,Zima
75,rTPJ,0.21132283105310462,HbR,Zima
75,rdlPFC,0.2099830377389742,HbR,Zima
75,vmPFC,Inf,HbR,Zima
76,dmPFC,0.007245450274651985,HbR,Zima
76,lTPJ,0.010443590482914357,HbR,Zima
76,ldlPFC,0.007939345841539686,HbR,Zima
76,rTPJ,0.02194687940282544,HbR,Zima
76,rdlPFC,0.0026808901272265023,HbR,Zima
76,vmPFC,0.004893803995982593,HbR,Zima
80,dmPFC,0.013474128357870641,HbR,Zima
80,lTPJ,0.07231827782236633,HbR,Zima
80,ldlPFC,0.014088814089124121,HbR,Zima
80,rTPJ,0.055765820592659866,HbR,Zima
80,rdlPFC,0.027204820532459924,HbR,Zima
80,vmPFC,0.05775925567397589,HbR,Zima
81,dmPFC,0.008515597594271394,HbR,Zima
81,lTPJ,0.02984260728288765,HbR,Zima
81,ldlPFC,0.024972528719979254,HbR,Zima
81,rTPJ,0.028603576018979702,HbR,Zima
81,rdlPFC,0.015149326403217518,HbR,Zima
81,vmPFC,0.032320467009789834,HbR,Zima
82,dmPFC,0.02858810109559089,HbR,Zima
82,lTPJ,0.05490567460101803,HbR,Zima
82,ldlPFC,0.018883633405834575,HbR,Zima
82,rTPJ,0.04419488941052344,HbR,Zima
82,rdlPFC,5.487677033986322e-4,HbR,Zima
82,vmPFC,0.04397357802567283,HbR,Zima
84,dmPFC,0.007967745166312384,HbR,Zima
84,lTPJ,0.019303180764392223,HbR,Zima
84,ldlPFC,1.0060306897494782e-4,HbR,Zima
84,rTPJ,0.03906655684144678,HbR,Zima
84,rdlPFC,0.025815187594327108,HbR,Zima
84,vmPFC,0.027707133166697345,HbR,Zima
86,dmPFC,0.02365544160722211,HbR,Zima
86,lTPJ,0.04051672342562461,HbR,Zima
86,ldlPFC,0.006883389019566689,HbR,Zima
86,rTPJ,0.02598252700131952,HbR,Zima
86,rdlPFC,0.0288042327143496,HbR,Zima
86,vmPFC,0.029843766250215373,HbR,Zima
87,dmPFC,-0.006331656679025278,HbR,Zima
87,lTPJ,0.005760170974909707,HbR,Zima
87,ldlPFC,0.008014059032339307,HbR,Zima
87,rTPJ,3.814425718285293e-4,HbR,Zima
87,rdlPFC,-0.009561887313436757,HbR,Zima
87,vmPFC,-0.013811783768370861,HbR,Zima
88,dmPFC,0.008271837474048017,HbR,Zima
88,lTPJ,0.007336040909063805,HbR,Zima
88,ldlPFC,0.02140538855857683,HbR,Zima
88,rTPJ,0.021884048069435925,HbR,Zima
88,rdlPFC,-5.656584182327682e-4,HbR,Zima
88,vmPFC,0.018265078014717395,HbR,Zima
89,dmPFC,0.00804906131511325,HbR,Zima
89,lTPJ,0.01825170494625604,HbR,Zima
89,ldlPFC,3.241556936123092e-4,HbR,Zima
89,rTPJ,0.04172645797130677,HbR,Zima
89,rdlPFC,-0.001014230712771146,HbR,Zima
89,vmPFC,0.015550886924719525,HbR,Zima
90,dmPFC,0.004194619818809373,HbR,Zima
90,lTPJ,0.015387495041443497,HbR,Zima
90,ldlPFC,0.0034223726790805846,HbR,Zima
90,rTPJ,0.007060354679361927,HbR,Zima
90,rdlPFC,0.006716062989532832,HbR,Zima
90,vmPFC,-0.004048943391696515,HbR,Zima
91,dmPFC,-0.0022546767317257995,HbR,Zima
91,lTPJ,0.025000899660995436,HbR,Zima
91,ldlPFC,-0.009763053290758873,HbR,Zima
91,rTPJ,0.021558638069111312,HbR,Zima
91,rdlPFC,0.009489572441909429,HbR,Zima
91,vmPFC,0.004802075882851472,HbR,Zima
92,dmPFC,0.008132992955273219,HbR,Zima
92,lTPJ,0.024286049701148987,HbR,Zima
92,ldlPFC,5.577907389517535e-4,HbR,Zima
92,rTPJ,0.012278102632129095,HbR,Zima
92,rdlPFC,-9.635850533251772e-4,HbR,Zima
92,vmPFC,0.024636382842521842,HbR,Zima
93,dmPFC,0.006862158959874281,HbR,Zima
93,lTPJ,0.04521021714691436,HbR,Zima
93,ldlPFC,0.01324208429467206,HbR,Zima
93,rTPJ,0.022922548167002624,HbR,Zima
93,rdlPFC,0.016017059507642456,HbR,Zima
93,vmPFC,0.019949970918003698,HbR,Zima
94,dmPFC,0.014236920408073837,HbR,Zima
94,lTPJ,0.04110682278119788,HbR,Zima
94,ldlPFC,0.008829370374774383,HbR,Zima
94,rTPJ,0.023572078158686154,HbR,Zima
94,rdlPFC,0.034649520452153845,HbR,Zima
94,vmPFC,0.031126467497514847,HbR,Zima
95,dmPFC,0.026588341861232788,HbR,Zima
95,lTPJ,0.03786241317345208,HbR,Zima
95,ldlPFC,0.014579237480577545,HbR,Zima
95,rTPJ,0.021878526116415453,HbR,Zima
95,rdlPFC,0.02906350758912179,HbR,Zima
95,vmPFC,0.031084441732440203,HbR,Zima
96,dmPFC,0.010959577747677161,HbR,Zima
96,lTPJ,-0.004468994775511593,HbR,Zima
96,ldlPFC,0.010899376220922656,HbR,Zima
96,rTPJ,0.015417604401512299,HbR,Zima
96,rdlPFC,4.607891731346427e-4,HbR,Zima
96,vmPFC,0.035434574009969,HbR,Zima
97,dmPFC,-0.002260062303352251,HbR,Zima
97,lTPJ,0.008761600381828058,HbR,Zima
97,ldlPFC,-0.012872878563247023,HbR,Zima
97,rTPJ,0.024525565716344965,HbR,Zima
97,rdlPFC,0.017800358556165383,HbR,Zima
97,vmPFC,0.008844570304026371,HbR,Zima
98,dmPFC,0.008306138863790198,HbR,Zima
98,lTPJ,0.044504122819582784,HbR,Zima
98,ldlPFC,0.01991179927459955,HbR,Zima
98,rTPJ,0.028806403856789172,HbR,Zima
98,rdlPFC,0.023790903579011983,HbR,Zima
98,vmPFC,0.045675913361782325,HbR,Zima
99,dmPFC,2.704686125192028e-4,HbR,Zima
99,lTPJ,-0.004499462937461039,HbR,Zima
99,ldlPFC,0.002301631172834641,HbR,Zima
99,rTPJ,0.011803847472363658,HbR,Zima
99,rdlPFC,0.005171313926167653,HbR,Zima
99,vmPFC,-0.0073277172994789625,HbR,Zima
2,dmPFC,0.05671943242589884,HbO,Splitscreen
2,lTPJ,0.028178240390205635,HbO,Splitscreen
2,ldlPFC,0.010148980893557598,HbO,Splitscreen
2,rTPJ,0.04852699542170493,HbO,Splitscreen
2,rdlPFC,0.030266697597252742,HbO,Splitscreen
2,vmPFC,0.04537231922450526,HbO,Splitscreen
3,dmPFC,0.05610070290853162,HbO,Splitscreen
3,lTPJ,0.045875089304460825,HbO,Splitscreen
3,ldlPFC,0.08109328141804915,HbO,Splitscreen
3,rTPJ,0.04511031297487394,HbO,Splitscreen
3,rdlPFC,0.04788101150828961,HbO,Splitscreen
3,vmPFC,0.0924348439148424,HbO,Splitscreen
4,dmPFC,0.020396181202341764,HbO,Splitscreen
4,lTPJ,0.0365761121537966,HbO,Splitscreen
4,ldlPFC,0.04432954007024906,HbO,Splitscreen
4,rTPJ,0.02610303855441283,HbO,Splitscreen
4,rdlPFC,0.038356119751411975,HbO,Splitscreen
4,vmPFC,0.035459233355870326,HbO,Splitscreen
48,dmPFC,-0.0725217586341862,HbO,Splitscreen
48,lTPJ,-0.08144540621146097,HbO,Splitscreen
48,ldlPFC,-0.11749043131966966,HbO,Splitscreen
48,rTPJ,-0.0542205192677357,HbO,Splitscreen
48,rdlPFC,-0.03519237632308961,HbO,Splitscreen
48,vmPFC,-0.09660316298028082,HbO,Splitscreen
5,dmPFC,0.06873946452993979,HbO,Splitscreen
5,lTPJ,0.06008025386700164,HbO,Splitscreen
5,ldlPFC,0.10754767097006943,HbO,Splitscreen
5,rTPJ,0.05297877725010505,HbO,Splitscreen
5,rdlPFC,0.07797739647261623,HbO,Splitscreen
5,vmPFC,0.10165401733163078,HbO,Splitscreen
51,dmPFC,-0.0365896594221991,HbO,Splitscreen
51,lTPJ,-0.02252592848245346,HbO,Splitscreen
51,ldlPFC,0.004678784298629194,HbO,Splitscreen
51,rTPJ,-0.06176256251220033,HbO,Splitscreen
51,rdlPFC,-0.007833417074829298,HbO,Splitscreen
51,vmPFC,-0.002238904574209867,HbO,Splitscreen
54,dmPFC,0.02276074791035278,HbO,Splitscreen
54,lTPJ,0.04453220595126305,HbO,Splitscreen
54,ldlPFC,0.06796386903257763,HbO,Splitscreen
54,rTPJ,0.0313841791158097,HbO,Splitscreen
54,rdlPFC,0.05292094679120422,HbO,Splitscreen
54,vmPFC,-0.008020670679753721,HbO,Splitscreen
55,dmPFC,0.014623819562625692,HbO,Splitscreen
55,ldlPFC,0.0741137215295066,HbO,Splitscreen
55,rdlPFC,0.031343329931686245,HbO,Splitscreen
55,vmPFC,0.03962228290172938,HbO,Splitscreen
56,dmPFC,0.017961651642555,HbO,Splitscreen
56,lTPJ,-0.0019890398783990147,HbO,Splitscreen
56,ldlPFC,0.022039778487035908,HbO,Splitscreen
56,rTPJ,0.03056939402421759,HbO,Splitscreen
56,rdlPFC,0.017261807492759802,HbO,Splitscreen
56,vmPFC,-0.01846367747312257,HbO,Splitscreen
57,dmPFC,0.034104740933302576,HbO,Splitscreen
57,lTPJ,0.01472975425712106,HbO,Splitscreen
57,ldlPFC,0.06299746106080317,HbO,Splitscreen
57,rTPJ,0.03556680208045813,HbO,Splitscreen
57,rdlPFC,0.03200859976846964,HbO,Splitscreen
57,vmPFC,0.036200433181950965,HbO,Splitscreen
58,dmPFC,-0.027610889061120372,HbO,Splitscreen
58,ldlPFC,-0.03787447708789256,HbO,Splitscreen
58,rTPJ,-0.02526980510736923,HbO,Splitscreen
58,rdlPFC,-0.037934042415857655,HbO,Splitscreen
58,vmPFC,-0.05637209298373888,HbO,Splitscreen
59,dmPFC,0.07162534763628492,HbO,Splitscreen
59,lTPJ,0.03922768801705304,HbO,Splitscreen
59,ldlPFC,0.09496645490813448,HbO,Splitscreen
59,rTPJ,0.07805404508965882,HbO,Splitscreen
59,rdlPFC,0.06251463650270357,HbO,Splitscreen
59,vmPFC,0.08430253955572861,HbO,Splitscreen
6,dmPFC,0.007176467941201766,HbO,Splitscreen
6,lTPJ,0.011635404902808316,HbO,Splitscreen
6,ldlPFC,0.006015399059317455,HbO,Splitscreen
6,rTPJ,0.04019619159719346,HbO,Splitscreen
6,rdlPFC,-0.011324625785396173,HbO,Splitscreen
6,vmPFC,0.019795196831068423,HbO,Splitscreen
60,dmPFC,0.06646798036005835,HbO,Splitscreen
60,lTPJ,0.04254954372098074,HbO,Splitscreen
60,ldlPFC,0.11345924729850275,HbO,Splitscreen
60,rTPJ,0.08544870209464436,HbO,Splitscreen
60,rdlPFC,0.09396947250216377,HbO,Splitscreen
60,vmPFC,0.05025711124882271,HbO,Splitscreen
61,dmPFC,0.016529121230769078,HbO,Splitscreen
61,lTPJ,0.030774971043345672,HbO,Splitscreen
61,ldlPFC,0.06341309900461484,HbO,Splitscreen
61,rTPJ,0.04669135225181683,HbO,Splitscreen
61,rdlPFC,0.041622429866878335,HbO,Splitscreen
61,vmPFC,0.06793085175461935,HbO,Splitscreen
62,dmPFC,0.0058344602148254175,HbO,Splitscreen
62,lTPJ,0.00365628123754531,HbO,Splitscreen
62,ldlPFC,0.009739170326537134,HbO,Splitscreen
62,rTPJ,0.004087196513855136,HbO,Splitscreen
62,rdlPFC,-0.024942503152522163,HbO,Splitscreen
62,vmPFC,0.044302992776375075,HbO,Splitscreen
67,dmPFC,0.018660888620392915,HbO,Splitscreen
67,lTPJ,-0.010554744522662264,HbO,Splitscreen
67,ldlPFC,0.028450347776119145,HbO,Splitscreen
67,rTPJ,-0.009232364921140832,HbO,Splitscreen
67,rdlPFC,0.008095663552427605,HbO,Splitscreen
67,vmPFC,0.03880022405328207,HbO,Splitscreen
68,dmPFC,0.06451179258704948,HbO,Splitscreen
68,lTPJ,0.048854476442801435,HbO,Splitscreen
68,ldlPFC,0.08238701941727666,HbO,Splitscreen
68,rTPJ,0.03727848445628037,HbO,Splitscreen
68,rdlPFC,0.04329417823819702,HbO,Splitscreen
68,vmPFC,0.08910128888002819,HbO,Splitscreen
7,dmPFC,0.03582772917047879,HbO,Splitscreen
7,lTPJ,0.037344892743334246,HbO,Splitscreen
7,ldlPFC,0.02394831994847949,HbO,Splitscreen
7,rTPJ,0.046134356182209756,HbO,Splitscreen
7,rdlPFC,0.015295914504137195,HbO,Splitscreen
7,vmPFC,0.08332785788301954,HbO,Splitscreen
72,dmPFC,0.03299711552168843,HbO,Splitscreen
72,lTPJ,0.04632678108049079,HbO,Splitscreen
72,ldlPFC,0.06140526443003037,HbO,Splitscreen
72,rTPJ,-0.0035224565831629808,HbO,Splitscreen
72,rdlPFC,0.01838270887792553,HbO,Splitscreen
72,vmPFC,0.031216025412568158,HbO,Splitscreen
78,dmPFC,0.05071139131271283,HbO,Splitscreen
78,lTPJ,0.027027251660722316,HbO,Splitscreen
78,ldlPFC,0.04775514034317308,HbO,Splitscreen
78,rTPJ,0.03466566289459967,HbO,Splitscreen
78,rdlPFC,0.07457244246392258,HbO,Splitscreen
78,vmPFC,0.07749605661076932,HbO,Splitscreen
79,dmPFC,0.04196693233292629,HbO,Splitscreen
79,lTPJ,0.017618804198641775,HbO,Splitscreen
79,ldlPFC,0.037419784039732215,HbO,Splitscreen
79,rTPJ,0.024249935052864387,HbO,Splitscreen
79,rdlPFC,0.03564693582236705,HbO,Splitscreen
79,vmPFC,0.026925297132581422,HbO,Splitscreen
8,dmPFC,0.009038497937792454,HbO,Splitscreen
8,lTPJ,0.014096446644030909,HbO,Splitscreen
8,ldlPFC,-0.006258796559382368,HbO,Splitscreen
8,rTPJ,0.007052899951115425,HbO,Splitscreen
8,rdlPFC,-0.03436966917007943,HbO,Splitscreen
8,vmPFC,0.05509947073360786,HbO,Splitscreen
83,dmPFC,0.013864924817487455,HbO,Splitscreen
83,lTPJ,0.011767460946289651,HbO,Splitscreen
83,ldlPFC,0.02515741523021755,HbO,Splitscreen
83,rTPJ,0.007342354207803798,HbO,Splitscreen
83,rdlPFC,0.016751110473377837,HbO,Splitscreen
83,vmPFC,-0.01363865182696329,HbO,Splitscreen
85,dmPFC,-0.03249366106957096,HbO,Splitscreen
85,lTPJ,-0.03711779392662739,HbO,Splitscreen
85,ldlPFC,-0.04352534531272317,HbO,Splitscreen
85,rTPJ,-0.021732405628905393,HbO,Splitscreen
85,rdlPFC,-0.008008934132605712,HbO,Splitscreen
85,vmPFC,-0.03433329217296985,HbO,Splitscreen
9,dmPFC,0.008916481785101337,HbO,Splitscreen
9,lTPJ,0.022004768269985233,HbO,Splitscreen
9,ldlPFC,0.02101233003349152,HbO,Splitscreen
9,rTPJ,0.012358220124129533,HbO,Splitscreen
9,rdlPFC,0.03184587870451582,HbO,Splitscreen
9,vmPFC,0.03731839174180649,HbO,Splitscreen
10,dmPFC,0.012583863876771424,HbO,Splitscreen
10,lTPJ,8.562373870758795e-4,HbO,Splitscreen
10,ldlPFC,0.026418529879408542,HbO,Splitscreen
10,rdlPFC,-0.008223666269387626,HbO,Splitscreen
10,vmPFC,-0.006552960926210839,HbO,Splitscreen
100,dmPFC,0.05327561037470089,HbO,Splitscreen
100,lTPJ,0.035358985103531006,HbO,Splitscreen
100,ldlPFC,0.06740967734809258,HbO,Splitscreen
100,rTPJ,0.039975726697031956,HbO,Splitscreen
100,rdlPFC,0.04915702562882976,HbO,Splitscreen
100,vmPFC,0.045812778773167105,HbO,Splitscreen
102,dmPFC,0.019838553936601902,HbO,Splitscreen
102,lTPJ,-0.01341221383553157,HbO,Splitscreen
102,ldlPFC,0.002810014195416456,HbO,Splitscreen
102,rTPJ,0.023996789734717992,HbO,Splitscreen
102,rdlPFC,0.010051342601969378,HbO,Splitscreen
102,vmPFC,0.05434845977177482,HbO,Splitscreen
103,dmPFC,0.026711549456473718,HbO,Splitscreen
103,ldlPFC,0.04611541647959773,HbO,Splitscreen
103,rTPJ,-0.008762151495744521,HbO,Splitscreen
103,rdlPFC,-0.0022663450524888712,HbO,Splitscreen
103,vmPFC,-0.05357934008412458,HbO,Splitscreen
104,dmPFC,-0.0031002983651533663,HbO,Splitscreen
104,lTPJ,0.01860231181868488,HbO,Splitscreen
104,ldlPFC,0.04610775146695815,HbO,Splitscreen
104,rTPJ,0.022461752034478727,HbO,Splitscreen
104,rdlPFC,0.03162579905193452,HbO,Splitscreen
104,vmPFC,0.0031111807312970818,HbO,Splitscreen
106,dmPFC,-0.003933245862134316,HbO,Splitscreen
106,lTPJ,0.009708923801684187,HbO,Splitscreen
106,ldlPFC,0.004889438368431307,HbO,Splitscreen
106,rTPJ,0.008199074821007957,HbO,Splitscreen
106,rdlPFC,-0.0013678341478437742,HbO,Splitscreen
106,vmPFC,0.011151184976286917,HbO,Splitscreen
107,dmPFC,-0.02982089791422072,HbO,Splitscreen
107,ldlPFC,-0.04425135490551549,HbO,Splitscreen
107,rdlPFC,-0.03831684963859334,HbO,Splitscreen
107,vmPFC,-0.023846056498882492,HbO,Splitscreen
108,dmPFC,0.06398497659039994,HbO,Splitscreen
108,lTPJ,-0.00712541144684895,HbO,Splitscreen
108,ldlPFC,0.0501617507318537,HbO,Splitscreen
108,rTPJ,0.014216743018866784,HbO,Splitscreen
108,rdlPFC,0.016878020024383447,HbO,Splitscreen
108,vmPFC,0.09806249098093943,HbO,Splitscreen
109,dmPFC,0.0038266068293881152,HbO,Splitscreen
109,lTPJ,-0.006449462859017801,HbO,Splitscreen
109,ldlPFC,-0.0051005038353351476,HbO,Splitscreen
109,rTPJ,0.051378713388962785,HbO,Splitscreen
109,rdlPFC,-0.022122250772209407,HbO,Splitscreen
109,vmPFC,0.06486393646085759,HbO,Splitscreen
11,dmPFC,0.047366408874485455,HbO,Splitscreen
11,lTPJ,0.02080452599038873,HbO,Splitscreen
11,ldlPFC,0.07566395346247921,HbO,Splitscreen
11,rTPJ,0.005578040207496837,HbO,Splitscreen
11,rdlPFC,0.09916212440907642,HbO,Splitscreen
11,vmPFC,0.07112467623121109,HbO,Splitscreen
110,dmPFC,0.03567480657859451,HbO,Splitscreen
110,lTPJ,-1.9885488813846535e-4,HbO,Splitscreen
110,ldlPFC,0.048149447715324305,HbO,Splitscreen
110,rTPJ,0.021684594528994326,HbO,Splitscreen
110,rdlPFC,0.009450147672700568,HbO,Splitscreen
110,vmPFC,0.01973929539940857,HbO,Splitscreen
111,dmPFC,-0.07348184434783694,HbO,Splitscreen
111,ldlPFC,-0.09084890087119872,HbO,Splitscreen
111,rTPJ,-0.02634242063671412,HbO,Splitscreen
111,rdlPFC,-0.044460101868539575,HbO,Splitscreen
111,vmPFC,-0.06083065621286895,HbO,Splitscreen
112,dmPFC,-0.04104212631680276,HbO,Splitscreen
112,lTPJ,-0.011203593156755088,HbO,Splitscreen
112,ldlPFC,-0.05053974869122347,HbO,Splitscreen
112,rTPJ,-0.01936350355294879,HbO,Splitscreen
112,rdlPFC,-0.04580767118699333,HbO,Splitscreen
112,vmPFC,-0.05006759380299757,HbO,Splitscreen
113,dmPFC,-0.022705188762482804,HbO,Splitscreen
113,lTPJ,0.005479376863657048,HbO,Splitscreen
113,ldlPFC,0.0021693610371035536,HbO,Splitscreen
113,rTPJ,0.018478001432723972,HbO,Splitscreen
113,rdlPFC,-0.018565174701111537,HbO,Splitscreen
113,vmPFC,-0.048498551370623436,HbO,Splitscreen
114,dmPFC,0.03877595065636625,HbO,Splitscreen
114,lTPJ,0.03925292394044305,HbO,Splitscreen
114,ldlPFC,0.06032212252915611,HbO,Splitscreen
114,rTPJ,0.020026757911821947,HbO,Splitscreen
114,rdlPFC,0.01403680972746165,HbO,Splitscreen
114,vmPFC,0.07942315330452993,HbO,Splitscreen
12,dmPFC,0.04669193398428443,HbO,Splitscreen
12,lTPJ,0.06531877657549669,HbO,Splitscreen
12,ldlPFC,0.034398015782028134,HbO,Splitscreen
12,rTPJ,0.0698170217740242,HbO,Splitscreen
12,rdlPFC,0.03647199402515862,HbO,Splitscreen
12,vmPFC,0.04759733404628697,HbO,Splitscreen
13,dmPFC,0.03709306468105918,HbO,Splitscreen
13,lTPJ,-0.006690011343029235,HbO,Splitscreen
13,ldlPFC,0.025575574881333923,HbO,Splitscreen
13,rTPJ,-0.022557631119620298,HbO,Splitscreen
13,rdlPFC,-0.03988757622168152,HbO,Splitscreen
13,vmPFC,0.00679020186333826,HbO,Splitscreen
14,dmPFC,0.016628364169804937,HbO,Splitscreen
14,lTPJ,0.013623687465428694,HbO,Splitscreen
14,ldlPFC,0.029798879457692107,HbO,Splitscreen
14,rTPJ,0.027415853413651884,HbO,Splitscreen
14,rdlPFC,0.02513367264631515,HbO,Splitscreen
14,vmPFC,0.053765242005860844,HbO,Splitscreen
15,dmPFC,0.0015587046702715491,HbO,Splitscreen
15,lTPJ,0.013607088057538044,HbO,Splitscreen
15,ldlPFC,0.012274765729160093,HbO,Splitscreen
15,rTPJ,-0.031692252996631254,HbO,Splitscreen
15,rdlPFC,-0.009719019102114625,HbO,Splitscreen
15,vmPFC,-0.017448921582046657,HbO,Splitscreen
16,dmPFC,0.010055656354244095,HbO,Splitscreen
16,lTPJ,0.007150465375648079,HbO,Splitscreen
16,ldlPFC,0.0012012984242843832,HbO,Splitscreen
16,rTPJ,-0.004521872960851925,HbO,Splitscreen
16,rdlPFC,0.024690327616230842,HbO,Splitscreen
16,vmPFC,-0.025142248482005983,HbO,Splitscreen
17,dmPFC,0.0695281449501349,HbO,Splitscreen
17,lTPJ,0.028492463293708893,HbO,Splitscreen
17,ldlPFC,0.06613661450500682,HbO,Splitscreen
17,rTPJ,0.015226073516442501,HbO,Splitscreen
17,rdlPFC,0.05713795798015053,HbO,Splitscreen
17,vmPFC,0.08392327299892151,HbO,Splitscreen
18,dmPFC,0.08495325300771875,HbO,Splitscreen
18,lTPJ,0.0060853063798417565,HbO,Splitscreen
18,ldlPFC,0.03989860812517398,HbO,Splitscreen
18,rTPJ,0.012504949190395642,HbO,Splitscreen
18,rdlPFC,0.04421717930230223,HbO,Splitscreen
18,vmPFC,0.11683664965047148,HbO,Splitscreen
19,dmPFC,0.08877918492213228,HbO,Splitscreen
19,lTPJ,0.0689589336832615,HbO,Splitscreen
19,ldlPFC,0.11546356604788752,HbO,Splitscreen
19,rTPJ,0.05227772828839683,HbO,Splitscreen
19,rdlPFC,0.07263098780985616,HbO,Splitscreen
19,vmPFC,0.1304851421278673,HbO,Splitscreen
20,dmPFC,0.11027576107735419,HbO,Splitscreen
20,lTPJ,0.06832332679068455,HbO,Splitscreen
20,ldlPFC,0.12555494039366547,HbO,Splitscreen
20,rTPJ,0.07579219348077111,HbO,Splitscreen
20,rdlPFC,0.09844074418194068,HbO,Splitscreen
20,vmPFC,0.06968428065163272,HbO,Splitscreen
21,dmPFC,0.006977931433371304,HbO,Splitscreen
21,lTPJ,0.016575853133061237,HbO,Splitscreen
21,ldlPFC,0.06523075416340518,HbO,Splitscreen
21,rTPJ,0.0021838681033276683,HbO,Splitscreen
21,rdlPFC,0.06415294297143084,HbO,Splitscreen
21,vmPFC,0.02038773061969983,HbO,Splitscreen
22,dmPFC,0.07566728745684932,HbO,Splitscreen
22,rTPJ,0.017272339405964496,HbO,Splitscreen
22,rdlPFC,0.05658752079801894,HbO,Splitscreen
22,vmPFC,-0.03900152549282662,HbO,Splitscreen
23,dmPFC,0.01415388136877713,HbO,Splitscreen
23,lTPJ,0.0538320882499766,HbO,Splitscreen
23,ldlPFC,0.07031739407548279,HbO,Splitscreen
23,rTPJ,0.07496500553960878,HbO,Splitscreen
23,rdlPFC,0.061715194462603755,HbO,Splitscreen
23,vmPFC,0.01748350188289497,HbO,Splitscreen
24,dmPFC,0.049426282779201615,HbO,Splitscreen
24,lTPJ,0.009054767583222642,HbO,Splitscreen
24,ldlPFC,0.03545874264775148,HbO,Splitscreen
24,rTPJ,0.055189451461566105,HbO,Splitscreen
24,rdlPFC,0.03249192881250458,HbO,Splitscreen
24,vmPFC,0.04671116354856044,HbO,Splitscreen
25,dmPFC,0.017061290035285125,HbO,Splitscreen
25,lTPJ,-0.02576974662624804,HbO,Splitscreen
25,ldlPFC,-0.017273428043249543,HbO,Splitscreen
25,rTPJ,-0.031983111936170136,HbO,Splitscreen
25,rdlPFC,-1.2709514488900203e-4,HbO,Splitscreen
25,vmPFC,0.04024717709947098,HbO,Splitscreen
26,dmPFC,0.0033174516088197237,HbO,Splitscreen
26,lTPJ,0.010572190825764405,HbO,Splitscreen
26,ldlPFC,-0.031367676527538045,HbO,Splitscreen
26,rTPJ,0.00817416463689456,HbO,Splitscreen
26,rdlPFC,-0.03685355358122289,HbO,Splitscreen
26,vmPFC,-0.03948147085158194,HbO,Splitscreen
27,dmPFC,0.021130126112169217,HbO,Splitscreen
27,lTPJ,-0.02039570483133486,HbO,Splitscreen
27,ldlPFC,-0.007920505022080892,HbO,Splitscreen
27,rTPJ,-0.021455201605729418,HbO,Splitscreen
27,rdlPFC,-0.006125052345565916,HbO,Splitscreen
27,vmPFC,0.026124121545279416,HbO,Splitscreen
28,dmPFC,-0.0014252733841857654,HbO,Splitscreen
28,lTPJ,-0.0010697407753405383,HbO,Splitscreen
28,ldlPFC,0.0013272978457992133,HbO,Splitscreen
28,rTPJ,0.00570766469959133,HbO,Splitscreen
28,rdlPFC,1.419457327629545e-4,HbO,Splitscreen
28,vmPFC,-0.009439626580225298,HbO,Splitscreen
29,dmPFC,0.02700709290232938,HbO,Splitscreen
29,lTPJ,0.03655156549466685,HbO,Splitscreen
29,ldlPFC,0.017924417592835504,HbO,Splitscreen
29,rTPJ,0.02216123782226841,HbO,Splitscreen
29,rdlPFC,0.0212888114697196,HbO,Splitscreen
29,vmPFC,0.07123419000400924,HbO,Splitscreen
30,dmPFC,0.049289349199557755,HbO,Splitscreen
30,lTPJ,0.06588727800965691,HbO,Splitscreen
30,ldlPFC,0.080732620570601,HbO,Splitscreen
30,rTPJ,0.10573860659857695,HbO,Splitscreen
30,rdlPFC,0.06153866937142034,HbO,Splitscreen
30,vmPFC,0.040416020181038716,HbO,Splitscreen
31,dmPFC,0.01852661685289016,HbO,Splitscreen
31,lTPJ,0.02149380758662697,HbO,Splitscreen
31,ldlPFC,0.06194085770740534,HbO,Splitscreen
31,rTPJ,0.0020408173840394707,HbO,Splitscreen
31,rdlPFC,0.016536874727082363,HbO,Splitscreen
31,vmPFC,0.0477364043505359,HbO,Splitscreen
32,dmPFC,0.04802437797220221,HbO,Splitscreen
32,lTPJ,0.04641078548342757,HbO,Splitscreen
32,ldlPFC,0.04337326922834312,HbO,Splitscreen
32,rTPJ,0.037169568195841725,HbO,Splitscreen
32,rdlPFC,0.05618323970206347,HbO,Splitscreen
32,vmPFC,0.04808757961984783,HbO,Splitscreen
33,dmPFC,0.022961674405139926,HbO,Splitscreen
33,lTPJ,0.047607593205812045,HbO,Splitscreen
33,ldlPFC,0.11060252020030772,HbO,Splitscreen
33,rTPJ,0.05001562957174385,HbO,Splitscreen
33,rdlPFC,0.07146210686627442,HbO,Splitscreen
33,vmPFC,0.09702522881781872,HbO,Splitscreen
34,dmPFC,0.055075187632810316,HbO,Splitscreen
34,lTPJ,0.03290744250287552,HbO,Splitscreen
34,ldlPFC,0.06812797886059786,HbO,Splitscreen
34,rTPJ,0.0486456970703244,HbO,Splitscreen
34,rdlPFC,0.041685001405079664,HbO,Splitscreen
34,vmPFC,0.06340990035369078,HbO,Splitscreen
35,dmPFC,0.05770871114700463,HbO,Splitscreen
35,lTPJ,0.01199048632011686,HbO,Splitscreen
35,ldlPFC,0.08257388547790939,HbO,Splitscreen
35,rTPJ,0.01065736959519648,HbO,Splitscreen
35,rdlPFC,0.02112285407056448,HbO,Splitscreen
35,vmPFC,0.07120150037742896,HbO,Splitscreen
36,dmPFC,0.010656824342108039,HbO,Splitscreen
36,ldlPFC,0.06723617775365365,HbO,Splitscreen
36,rTPJ,0.007190287266660889,HbO,Splitscreen
36,rdlPFC,-5.582517865366527e-4,HbO,Splitscreen
36,vmPFC,-0.018943783827413328,HbO,Splitscreen
37,dmPFC,0.003328546305153413,HbO,Splitscreen
37,lTPJ,0.010357525961947662,HbO,Splitscreen
37,ldlPFC,0.01919094332555258,HbO,Splitscreen
37,rTPJ,-0.004301727624315582,HbO,Splitscreen
37,rdlPFC,0.04692040554045164,HbO,Splitscreen
37,vmPFC,0.02727759683273767,HbO,Splitscreen
40,dmPFC,0.05686199742118557,HbO,Splitscreen
40,lTPJ,0.05068764923802885,HbO,Splitscreen
40,ldlPFC,0.06384955329921972,HbO,Splitscreen
40,rTPJ,0.044417001356927506,HbO,Splitscreen
40,rdlPFC,0.06290459386185632,HbO,Splitscreen
40,vmPFC,0.06774272490489434,HbO,Splitscreen
41,dmPFC,-0.09838267187906734,HbO,Splitscreen
41,lTPJ,-0.0883177270885415,HbO,Splitscreen
41,ldlPFC,-0.07754650546443462,HbO,Splitscreen
41,rTPJ,-0.06657440509071806,HbO,Splitscreen
41,rdlPFC,-0.09364668213319885,HbO,Splitscreen
41,vmPFC,-0.11950018629630463,HbO,Splitscreen
42,dmPFC,-0.040795105319094555,HbO,Splitscreen
42,lTPJ,0.0015370375567196662,HbO,Splitscreen
42,ldlPFC,0.02154575940946599,HbO,Splitscreen
42,rTPJ,0.023582016364121845,HbO,Splitscreen
42,rdlPFC,-0.0056957872772483336,HbO,Splitscreen
42,vmPFC,0.02881200287034077,HbO,Splitscreen
43,dmPFC,0.08991272854159492,HbO,Splitscreen
43,lTPJ,0.03798917419000992,HbO,Splitscreen
43,ldlPFC,0.050534759957705455,HbO,Splitscreen
43,rTPJ,0.07061046622443783,HbO,Splitscreen
43,rdlPFC,0.06145856651426906,HbO,Splitscreen
43,vmPFC,0.014922030938377963,HbO,Splitscreen
44,dmPFC,-0.013049596007097135,HbO,Splitscreen
44,lTPJ,0.00643403132435745,HbO,Splitscreen
44,ldlPFC,0.049486374789570964,HbO,Splitscreen
44,rdlPFC,-0.043884927817781964,HbO,Splitscreen
44,vmPFC,-7.582486005877212e-4,HbO,Splitscreen
45,dmPFC,0.013566753902180552,HbO,Splitscreen
45,lTPJ,0.0289485269156043,HbO,Splitscreen
45,ldlPFC,-0.04283699716241203,HbO,Splitscreen
45,rTPJ,0.00027003847920630577,HbO,Splitscreen
45,rdlPFC,-0.023462315329231712,HbO,Splitscreen
45,vmPFC,-0.07460147444516958,HbO,Splitscreen
46,dmPFC,-0.04800093766771813,HbO,Splitscreen
46,lTPJ,-0.03323914232506363,HbO,Splitscreen
46,ldlPFC,-0.014687857325891753,HbO,Splitscreen
46,rTPJ,-0.015965345817126695,HbO,Splitscreen
46,rdlPFC,-0.02800596473874704,HbO,Splitscreen
46,vmPFC,-0.008686099292879914,HbO,Splitscreen
47,dmPFC,-0.004436220574336372,HbO,Splitscreen
47,ldlPFC,0.038907318938039066,HbO,Splitscreen
47,rdlPFC,-0.010474336539468828,HbO,Splitscreen
47,vmPFC,0.02567285811372715,HbO,Splitscreen
50,dmPFC,0.08910993044550804,HbO,Splitscreen
50,lTPJ,0.055110053029618744,HbO,Splitscreen
50,ldlPFC,0.06611378353618758,HbO,Splitscreen
50,rTPJ,0.03645320556557436,HbO,Splitscreen
50,rdlPFC,0.05203889431529492,HbO,Splitscreen
50,vmPFC,0.020360272094041433,HbO,Splitscreen
52,dmPFC,0.02950038872434821,HbO,Splitscreen
52,lTPJ,0.02546768738459036,HbO,Splitscreen
52,ldlPFC,0.040364188976112415,HbO,Splitscreen
52,rTPJ,-0.010113957329207297,HbO,Splitscreen
52,rdlPFC,0.027974927023937744,HbO,Splitscreen
52,vmPFC,0.014996946008469764,HbO,Splitscreen
64,dmPFC,0.10166572708492001,HbO,Splitscreen
64,lTPJ,0.026322308292604586,HbO,Splitscreen
64,ldlPFC,0.11121501930995162,HbO,Splitscreen
64,rTPJ,0.040693248165380884,HbO,Splitscreen
64,rdlPFC,0.07136081191677185,HbO,Splitscreen
64,vmPFC,0.08504049297476364,HbO,Splitscreen
65,dmPFC,0.06639731029279754,HbO,Splitscreen
65,lTPJ,9.749945294025847e-4,HbO,Splitscreen
65,ldlPFC,0.053952464536068036,HbO,Splitscreen
65,rTPJ,0.026498559954833467,HbO,Splitscreen
65,rdlPFC,0.037133393917587326,HbO,Splitscreen
65,vmPFC,0.07635308479920655,HbO,Splitscreen
66,dmPFC,0.07474477694695277,HbO,Splitscreen
66,lTPJ,0.06072764474896984,HbO,Splitscreen
66,ldlPFC,0.13104118271294649,HbO,Splitscreen
66,rTPJ,0.06747247821619262,HbO,Splitscreen
66,rdlPFC,0.09287866036208006,HbO,Splitscreen
66,vmPFC,0.09703979272677325,HbO,Splitscreen
69,lTPJ,0.013108338465552535,HbO,Splitscreen
69,ldlPFC,0.027376668985873064,HbO,Splitscreen
69,rTPJ,0.02685024640945892,HbO,Splitscreen
69,rdlPFC,-0.0015032426382874645,HbO,Splitscreen
69,vmPFC,-0.002485553193467089,HbO,Splitscreen
70,dmPFC,0.019846260703009287,HbO,Splitscreen
70,lTPJ,0.025158989580297258,HbO,Splitscreen
70,ldlPFC,0.0307050513478641,HbO,Splitscreen
70,rTPJ,0.021760299911845093,HbO,Splitscreen
70,rdlPFC,0.02306093349474653,HbO,Splitscreen
70,vmPFC,0.013547929784307033,HbO,Splitscreen
71,dmPFC,0.0103651985279399,HbO,Splitscreen
71,lTPJ,-0.02605510732361621,HbO,Splitscreen
71,ldlPFC,-0.04641608277592836,HbO,Splitscreen
71,rTPJ,-0.03641291955036202,HbO,Splitscreen
71,rdlPFC,-0.041564292810899045,HbO,Splitscreen
71,vmPFC,-0.019359677106852775,HbO,Splitscreen
73,dmPFC,0.02744173398333096,HbO,Splitscreen
73,lTPJ,0.01183399321857565,HbO,Splitscreen
73,ldlPFC,0.008197838520104623,HbO,Splitscreen
73,rTPJ,0.0031291033065966273,HbO,Splitscreen
73,rdlPFC,0.0032030479989080436,HbO,Splitscreen
73,vmPFC,0.00172465143226916,HbO,Splitscreen
75,dmPFC,0.2598327798250232,HbO,Splitscreen
75,lTPJ,Inf,HbO,Splitscreen
75,ldlPFC,0.25327426281585774,HbO,Splitscreen
75,rTPJ,0.23859222479874873,HbO,Splitscreen
75,rdlPFC,Inf,HbO,Splitscreen
75,vmPFC,Inf,HbO,Splitscreen
80,dmPFC,0.04391216908486724,HbO,Splitscreen
80,lTPJ,0.02219716774237417,HbO,Splitscreen
80,ldlPFC,0.06088266850847592,HbO,Splitscreen
80,rTPJ,0.014258856016087456,HbO,Splitscreen
80,rdlPFC,0.01697959843498918,HbO,Splitscreen
80,vmPFC,0.06010664167864,HbO,Splitscreen
81,dmPFC,-0.047560692208415856,HbO,Splitscreen
81,lTPJ,-0.04034604064834655,HbO,Splitscreen
81,ldlPFC,-0.025110008770430927,HbO,Splitscreen
81,rTPJ,-0.05471064010149534,HbO,Splitscreen
81,rdlPFC,-0.037228124361404824,HbO,Splitscreen
81,vmPFC,-0.001255643218434335,HbO,Splitscreen
82,dmPFC,-0.06186730775471936,HbO,Splitscreen
82,lTPJ,-0.04646276353895799,HbO,Splitscreen
82,ldlPFC,7.626567463634466e-4,HbO,Splitscreen
82,rTPJ,-0.041978396702564674,HbO,Splitscreen
82,rdlPFC,-0.034055186601125796,HbO,Splitscreen
82,vmPFC,0.03777294614012147,HbO,Splitscreen
84,dmPFC,-0.002996870975413094,HbO,Splitscreen
84,lTPJ,0.0213555664216288,HbO,Splitscreen
84,ldlPFC,0.045357572123183365,HbO,Splitscreen
84,rTPJ,0.01508225846502755,HbO,Splitscreen
84,rdlPFC,0.016346417409609966,HbO,Splitscreen
84,vmPFC,0.014419080525473398,HbO,Splitscreen
86,dmPFC,0.08492173243275529,HbO,Splitscreen
86,lTPJ,0.021131588950096796,HbO,Splitscreen
86,ldlPFC,0.08102255008375953,HbO,Splitscreen
86,rTPJ,0.01897798255403936,HbO,Splitscreen
86,rdlPFC,0.08459914693813543,HbO,Splitscreen
86,vmPFC,0.10178844685383796,HbO,Splitscreen
87,dmPFC,-0.004955909701589761,HbO,Splitscreen
87,lTPJ,0.016237745851917146,HbO,Splitscreen
87,ldlPFC,0.0013006940647736637,HbO,Splitscreen
87,rTPJ,-0.02633911783845307,HbO,Splitscreen
87,rdlPFC,0.011029940200262529,HbO,Splitscreen
87,vmPFC,0.03417828569784552,HbO,Splitscreen
88,dmPFC,0.020195536567647752,HbO,Splitscreen
88,lTPJ,-0.02578167234217847,HbO,Splitscreen
88,ldlPFC,-0.034478378358618424,HbO,Splitscreen
88,rTPJ,-0.008592521793036299,HbO,Splitscreen
88,rdlPFC,0.0029727197128543025,HbO,Splitscreen
88,vmPFC,-0.03321647871073832,HbO,Splitscreen
89,dmPFC,0.033387911372088026,HbO,Splitscreen
89,lTPJ,0.018108599785453074,HbO,Splitscreen
89,ldlPFC,0.03603689994728649,HbO,Splitscreen
89,rTPJ,0.012534892403624995,HbO,Splitscreen
89,rdlPFC,0.015690260913604332,HbO,Splitscreen
89,vmPFC,0.040120995605174216,HbO,Splitscreen
90,dmPFC,0.018122577749671354,HbO,Splitscreen
90,lTPJ,0.024037646115163496,HbO,Splitscreen
90,ldlPFC,-0.013794326247259953,HbO,Splitscreen
90,rTPJ,0.022554357593301745,HbO,Splitscreen
90,rdlPFC,0.01095759721116231,HbO,Splitscreen
90,vmPFC,0.04460362014176276,HbO,Splitscreen
91,dmPFC,0.07682708627293212,HbO,Splitscreen
91,lTPJ,-0.03615191537371761,HbO,Splitscreen
91,ldlPFC,-0.011488125471062621,HbO,Splitscreen
91,rTPJ,0.00430983235570831,HbO,Splitscreen
91,rdlPFC,-0.020220246074705163,HbO,Splitscreen
91,vmPFC,0.08289027176440877,HbO,Splitscreen
92,dmPFC,0.04143105390822198,HbO,Splitscreen
92,lTPJ,0.002726238697063421,HbO,Splitscreen
92,ldlPFC,0.04228698345872468,HbO,Splitscreen
92,rTPJ,0.013271389138297722,HbO,Splitscreen
92,rdlPFC,0.03735960851568789,HbO,Splitscreen
92,vmPFC,0.05985149727715027,HbO,Splitscreen
93,dmPFC,0.02228788149830222,HbO,Splitscreen
93,lTPJ,0.036136919926472964,HbO,Splitscreen
93,ldlPFC,-0.0031787498730584335,HbO,Splitscreen
93,rTPJ,0.009204704190982871,HbO,Splitscreen
93,rdlPFC,0.010367080884643302,HbO,Splitscreen
93,vmPFC,0.046458293263295494,HbO,Splitscreen
94,dmPFC,0.013562641471081863,HbO,Splitscreen
94,lTPJ,0.04165422926455804,HbO,Splitscreen
94,ldlPFC,0.019578109193622184,HbO,Splitscreen
94,rTPJ,0.02904799636015583,HbO,Splitscreen
94,rdlPFC,7.045524225403639e-4,HbO,Splitscreen
94,vmPFC,0.05085808691298508,HbO,Splitscreen
95,dmPFC,0.028801011883122847,HbO,Splitscreen
95,lTPJ,0.010294529043937097,HbO,Splitscreen
95,ldlPFC,0.004634382965628012,HbO,Splitscreen
95,rTPJ,0.02663205291799395,HbO,Splitscreen
95,rdlPFC,0.0033172882559324986,HbO,Splitscreen
95,vmPFC,0.03000751427686171,HbO,Splitscreen
96,dmPFC,0.03648229720027369,HbO,Splitscreen
96,lTPJ,-0.004201302902883483,HbO,Splitscreen
96,ldlPFC,0.03098283325129678,HbO,Splitscreen
96,rTPJ,-0.0043840495274363915,HbO,Splitscreen
96,rdlPFC,0.027071377884240144,HbO,Splitscreen
96,vmPFC,0.06972060133134998,HbO,Splitscreen
97,dmPFC,0.057019309381078485,HbO,Splitscreen
97,lTPJ,-0.00572476132517744,HbO,Splitscreen
97,ldlPFC,0.025921522499922633,HbO,Splitscreen
97,rTPJ,0.026389547056619105,HbO,Splitscreen
97,rdlPFC,0.07644728402222453,HbO,Splitscreen
97,vmPFC,0.055711866745285166,HbO,Splitscreen
98,dmPFC,0.06691417988758118,HbO,Splitscreen
98,lTPJ,0.04563048801096419,HbO,Splitscreen
98,ldlPFC,0.07837210583143629,HbO,Splitscreen
98,rTPJ,0.02064688822007929,HbO,Splitscreen
98,rdlPFC,0.03153009196511568,HbO,Splitscreen
98,vmPFC,0.032222807565223936,HbO,Splitscreen
99,dmPFC,0.07863506188878033,HbO,Splitscreen
99,lTPJ,0.016161970697408268,HbO,Splitscreen
99,ldlPFC,0.05649143942081131,HbO,Splitscreen
99,rTPJ,0.014484784510117895,HbO,Splitscreen
99,rdlPFC,0.04812905152438652,HbO,Splitscreen
99,vmPFC,0.11153553847849854,HbO,Splitscreen
2,dmPFC,-0.009292765756456,HbR,Splitscreen
2,lTPJ,0.004243855092159543,HbR,Splitscreen
2,ldlPFC,0.027952613156857674,HbR,Splitscreen
2,rTPJ,-0.0017299344007397966,HbR,Splitscreen
2,rdlPFC,0.0180832421083286,HbR,Splitscreen
2,vmPFC,0.01292325314522619,HbR,Splitscreen
3,dmPFC,-0.0022195679735004287,HbR,Splitscreen
3,lTPJ,-0.011573069873962446,HbR,Splitscreen
3,ldlPFC,-0.005689044490810474,HbR,Splitscreen
3,rTPJ,1.8140746700385813e-4,HbR,Splitscreen
3,rdlPFC,0.006460307863560185,HbR,Splitscreen
3,vmPFC,6.824670074882896e-4,HbR,Splitscreen
4,dmPFC,0.0081690422246975,HbR,Splitscreen
4,lTPJ,0.02976098601983051,HbR,Splitscreen
4,ldlPFC,0.021032035624123813,HbR,Splitscreen
4,rTPJ,-0.00953918794536379,HbR,Splitscreen
4,rdlPFC,0.011607831150485078,HbR,Splitscreen
4,vmPFC,0.03453447626091698,HbR,Splitscreen
48,dmPFC,-0.008358905977224116,HbR,Splitscreen
48,lTPJ,0.006615725259241209,HbR,Splitscreen
48,ldlPFC,-0.0417624793859676,HbR,Splitscreen
48,rTPJ,0.03231794641933409,HbR,Splitscreen
48,rdlPFC,-0.002134880229467395,HbR,Splitscreen
48,vmPFC,-0.021395307435336533,HbR,Splitscreen
5,dmPFC,-0.01398533427254271,HbR,Splitscreen
5,lTPJ,0.02509052867328141,HbR,Splitscreen
5,ldlPFC,0.0043531976666855545,HbR,Splitscreen
5,rTPJ,0.012646767776411248,HbR,Splitscreen
5,rdlPFC,-3.979148790234754e-4,HbR,Splitscreen
5,vmPFC,0.0395790735517992,HbR,Splitscreen
51,dmPFC,-0.00998245425821144,HbR,Splitscreen
51,lTPJ,-0.005428441259973677,HbR,Splitscreen
51,ldlPFC,0.035338002321590296,HbR,Splitscreen
51,rTPJ,0.005746158569043827,HbR,Splitscreen
51,rdlPFC,-1.8802003801622423e-4,HbR,Splitscreen
51,vmPFC,-0.022644721223051813,HbR,Splitscreen
54,dmPFC,-0.00847664623762503,HbR,Splitscreen
54,lTPJ,0.025404961496922264,HbR,Splitscreen
54,ldlPFC,-0.005091883580079591,HbR,Splitscreen
54,rTPJ,-0.0034171878916007675,HbR,Splitscreen
54,rdlPFC,-0.031229504366157998,HbR,Splitscreen
54,vmPFC,0.020959336522086872,HbR,Splitscreen
55,dmPFC,0.005742742672419609,HbR,Splitscreen
55,ldlPFC,0.003916861865777464,HbR,Splitscreen
55,rdlPFC,0.014434972783960413,HbR,Splitscreen
55,vmPFC,-0.027165813007450614,HbR,Splitscreen
56,dmPFC,0.010273802389408684,HbR,Splitscreen
56,lTPJ,-0.00974100588862632,HbR,Splitscreen
56,ldlPFC,0.03232872997263719,HbR,Splitscreen
56,rTPJ,-0.030056311925990408,HbR,Splitscreen
56,rdlPFC,0.01397040368450832,HbR,Splitscreen
56,vmPFC,0.010246508089089177,HbR,Splitscreen
57,dmPFC,0.01632040382012658,HbR,Splitscreen
57,lTPJ,-0.008081469201972379,HbR,Splitscreen
57,ldlPFC,-0.030066109968948793,HbR,Splitscreen
57,rTPJ,0.039405397041583724,HbR,Splitscreen
57,rdlPFC,-8.176618188697291e-4,HbR,Splitscreen
57,vmPFC,0.016376448821770716,HbR,Splitscreen
58,dmPFC,0.012363881755555238,HbR,Splitscreen
58,ldlPFC,-4.924485805079164e-4,HbR,Splitscreen
58,rTPJ,0.059824704857951806,HbR,Splitscreen
58,rdlPFC,0.0157508996085369,HbR,Splitscreen
58,vmPFC,0.012482663575214884,HbR,Splitscreen
59,dmPFC,0.01976478628006368,HbR,Splitscreen
59,lTPJ,0.01811254990051398,HbR,Splitscreen
59,ldlPFC,0.010350333923315568,HbR,Splitscreen
59,rTPJ,0.015394119690722734,HbR,Splitscreen
59,rdlPFC,0.009516522368773204,HbR,Splitscreen
59,vmPFC,0.022344484989710575,HbR,Splitscreen
6,dmPFC,-0.00827785165760212,HbR,Splitscreen
6,lTPJ,-6.502721850687308e-6,HbR,Splitscreen
6,ldlPFC,0.02951487675539228,HbR,Splitscreen
6,rTPJ,-0.017924959466329465,HbR,Splitscreen
6,rdlPFC,-0.024033718496555407,HbR,Splitscreen
6,vmPFC,-0.0020862090019085552,HbR,Splitscreen
60,dmPFC,-0.029298108717423728,HbR,Splitscreen
60,lTPJ,0.013212895454819917,HbR,Splitscreen
60,ldlPFC,0.02186996252925928,HbR,Splitscreen
60,rTPJ,0.012478647326148382,HbR,Splitscreen
60,rdlPFC,0.006049323007583068,HbR,Splitscreen
60,vmPFC,0.03577014884886148,HbR,Splitscreen
61,dmPFC,0.005530420091586508,HbR,Splitscreen
61,lTPJ,0.019118345619526477,HbR,Splitscreen
61,ldlPFC,-0.010133576120928627,HbR,Splitscreen
61,rTPJ,0.05963219995710985,HbR,Splitscreen
61,rdlPFC,-0.005198071172435311,HbR,Splitscreen
61,vmPFC,0.01837532353377446,HbR,Splitscreen
62,dmPFC,0.004064862316554353,HbR,Splitscreen
62,lTPJ,0.04957156994751157,HbR,Splitscreen
62,ldlPFC,-0.030380612569552618,HbR,Splitscreen
62,rTPJ,0.06146909643463778,HbR,Splitscreen
62,rdlPFC,0.011064880811596189,HbR,Splitscreen
62,vmPFC,-0.03501193085044581,HbR,Splitscreen
67,dmPFC,-0.010159416441541686,HbR,Splitscreen
67,lTPJ,0.02429487317132292,HbR,Splitscreen
67,ldlPFC,0.018143818975686097,HbR,Splitscreen
67,rTPJ,0.0648609399000185,HbR,Splitscreen
67,rdlPFC,0.008829584162073231,HbR,Splitscreen
67,vmPFC,-0.02178994617252515,HbR,Splitscreen
68,dmPFC,-0.008093665507686481,HbR,Splitscreen
68,lTPJ,0.005468882177731405,HbR,Splitscreen
68,ldlPFC,0.015769265682504183,HbR,Splitscreen
68,rTPJ,0.005807695664804749,HbR,Splitscreen
68,rdlPFC,0.014379020245691727,HbR,Splitscreen
68,vmPFC,0.01885262071881551,HbR,Splitscreen
7,dmPFC,-0.011270079488452567,HbR,Splitscreen
7,lTPJ,0.03511212988831632,HbR,Splitscreen
7,ldlPFC,0.01312706229218203,HbR,Splitscreen
7,rTPJ,0.018197501259955503,HbR,Splitscreen
7,rdlPFC,0.007805289175343669,HbR,Splitscreen
7,vmPFC,0.01755309657573574,HbR,Splitscreen
72,dmPFC,-2.4440400861247275e-5,HbR,Splitscreen
72,lTPJ,0.028531246942066206,HbR,Splitscreen
72,ldlPFC,-0.007046955707908814,HbR,Splitscreen
72,rTPJ,0.004604656118206113,HbR,Splitscreen
72,rdlPFC,0.02504102818767936,HbR,Splitscreen
72,vmPFC,0.05113949751897545,HbR,Splitscreen
78,dmPFC,0.0305097770670646,HbR,Splitscreen
78,lTPJ,0.024686683012288466,HbR,Splitscreen
78,ldlPFC,0.01734779898240548,HbR,Splitscreen
78,rTPJ,0.02196084749936753,HbR,Splitscreen
78,rdlPFC,0.03453681101598625,HbR,Splitscreen
78,vmPFC,0.025070386704745953,HbR,Splitscreen
79,dmPFC,0.019578368506890487,HbR,Splitscreen
79,lTPJ,-0.0030073424999975244,HbR,Splitscreen
79,ldlPFC,-0.017750998351114388,HbR,Splitscreen
79,rTPJ,6.533926005204995e-4,HbR,Splitscreen
79,rdlPFC,0.015856861367316875,HbR,Splitscreen
79,vmPFC,0.010330803234349716,HbR,Splitscreen
8,dmPFC,-0.008050060256928872,HbR,Splitscreen
8,lTPJ,0.002367415776109091,HbR,Splitscreen
8,ldlPFC,0.007365632177932097,HbR,Splitscreen
8,rTPJ,-0.003659158980463076,HbR,Splitscreen
8,rdlPFC,-0.00659845799709233,HbR,Splitscreen
8,vmPFC,-0.017816826712377856,HbR,Splitscreen
83,dmPFC,-0.009947773449187259,HbR,Splitscreen
83,lTPJ,0.00320242705176632,HbR,Splitscreen
83,ldlPFC,0.030168686486632738,HbR,Splitscreen
83,rTPJ,0.012419613572194843,HbR,Splitscreen
83,rdlPFC,-0.012670532442321721,HbR,Splitscreen
83,vmPFC,-0.005311737305084122,HbR,Splitscreen
85,dmPFC,0.024363329509592416,HbR,Splitscreen
85,lTPJ,-0.023759229852477814,HbR,Splitscreen
85,ldlPFC,0.019624641422165447,HbR,Splitscreen
85,rTPJ,0.018967595638099535,HbR,Splitscreen
85,rdlPFC,0.006355663136053645,HbR,Splitscreen
85,vmPFC,0.009973269373643406,HbR,Splitscreen
9,dmPFC,-0.007256572789887241,HbR,Splitscreen
9,lTPJ,0.02653966655820391,HbR,Splitscreen
9,ldlPFC,-0.011656659152622074,HbR,Splitscreen
9,rTPJ,0.043735753656487,HbR,Splitscreen
9,rdlPFC,0.0071692343592079455,HbR,Splitscreen
9,vmPFC,-0.021973344217006592,HbR,Splitscreen
10,dmPFC,0.01910134292727463,HbR,Splitscreen
10,lTPJ,0.005484097663304699,HbR,Splitscreen
10,ldlPFC,-0.017953758457082372,HbR,Splitscreen
10,rdlPFC,0.006970820646131065,HbR,Splitscreen
10,vmPFC,-0.0014438281066007923,HbR,Splitscreen
100,dmPFC,0.0045520971230950955,HbR,Splitscreen
100,lTPJ,0.0010790035180942741,HbR,Splitscreen
100,ldlPFC,-0.0022231716700137007,HbR,Splitscreen
100,rTPJ,-0.014452579292745918,HbR,Splitscreen
100,rdlPFC,-0.008475974901584991,HbR,Splitscreen
100,vmPFC,-0.013241463235336535,HbR,Splitscreen
102,dmPFC,-0.01887089708984089,HbR,Splitscreen
102,lTPJ,0.013504918392088873,HbR,Splitscreen
102,ldlPFC,-0.03872463358144057,HbR,Splitscreen
102,rTPJ,-0.002363893112557601,HbR,Splitscreen
102,rdlPFC,-0.02521044632568403,HbR,Splitscreen
102,vmPFC,-0.04289822940875126,HbR,Splitscreen
103,dmPFC,0.007481901725396174,HbR,Splitscreen
103,ldlPFC,-0.006629697357293307,HbR,Splitscreen
103,rTPJ,-0.030350764986148054,HbR,Splitscreen
103,rdlPFC,0.01813444610024341,HbR,Splitscreen
103,vmPFC,-0.011769971445897164,HbR,Splitscreen
104,dmPFC,0.023597032835168025,HbR,Splitscreen
104,lTPJ,0.04556079860272567,HbR,Splitscreen
104,ldlPFC,0.022028575810983754,HbR,Splitscreen
104,rTPJ,0.04323529856021104,HbR,Splitscreen
104,rdlPFC,0.028012780654309302,HbR,Splitscreen
104,vmPFC,0.01681403744756577,HbR,Splitscreen
106,dmPFC,-0.016406444457416455,HbR,Splitscreen
106,lTPJ,-0.06269900285833468,HbR,Splitscreen
106,ldlPFC,-0.004144703865783561,HbR,Splitscreen
106,rTPJ,-0.027300647679080324,HbR,Splitscreen
106,rdlPFC,-0.012966948846887214,HbR,Splitscreen
106,vmPFC,0.0057339613769994005,HbR,Splitscreen
107,dmPFC,0.011456336189978393,HbR,Splitscreen
107,ldlPFC,0.02130111520362376,HbR,Splitscreen
107,rdlPFC,-0.005455067864715802,HbR,Splitscreen
107,vmPFC,-0.03290552127161778,HbR,Splitscreen
108,dmPFC,0.010829929848719224,HbR,Splitscreen
108,lTPJ,0.038035242810975346,HbR,Splitscreen
108,ldlPFC,-0.004463523653479079,HbR,Splitscreen
108,rTPJ,0.060658726206941134,HbR,Splitscreen
108,rdlPFC,0.006527568779219261,HbR,Splitscreen
108,vmPFC,0.016026535758752267,HbR,Splitscreen
109,dmPFC,0.010306673602675042,HbR,Splitscreen
109,lTPJ,0.033861019864607045,HbR,Splitscreen
109,ldlPFC,-0.012829876251487357,HbR,Splitscreen
109,rTPJ,0.05472550548520475,HbR,Splitscreen
109,rdlPFC,0.0058696512590487955,HbR,Splitscreen
109,vmPFC,-0.0031253547131275144,HbR,Splitscreen
11,dmPFC,0.011080476273283827,HbR,Splitscreen
11,lTPJ,0.02251145264992462,HbR,Splitscreen
11,ldlPFC,0.041314639106620164,HbR,Splitscreen
11,rTPJ,0.020984382383790304,HbR,Splitscreen
11,rdlPFC,0.02860693956759587,HbR,Splitscreen
11,vmPFC,-0.0019240006513554621,HbR,Splitscreen
110,dmPFC,0.019310219429017794,HbR,Splitscreen
110,lTPJ,-0.008341175466374404,HbR,Splitscreen
110,ldlPFC,0.034870861715739304,HbR,Splitscreen
110,rTPJ,0.0118755305678138,HbR,Splitscreen
110,rdlPFC,-0.037420919584769195,HbR,Splitscreen
110,vmPFC,0.016695697561660606,HbR,Splitscreen
111,dmPFC,0.00240886715871048,HbR,Splitscreen
111,ldlPFC,0.01818004612151558,HbR,Splitscreen
111,rTPJ,-0.01422480048472726,HbR,Splitscreen
111,rdlPFC,-0.0153022993214753,HbR,Splitscreen
111,vmPFC,0.0025905946817557763,HbR,Splitscreen
112,dmPFC,-0.01212745976333976,HbR,Splitscreen
112,lTPJ,0.004126808628448924,HbR,Splitscreen
112,ldlPFC,0.0030473258092615758,HbR,Splitscreen
112,rTPJ,0.046355039973309684,HbR,Splitscreen
112,rdlPFC,-0.015018937075949108,HbR,Splitscreen
112,vmPFC,0.018444045146558403,HbR,Splitscreen
113,dmPFC,0.009649331682691296,HbR,Splitscreen
113,lTPJ,0.026396322429343276,HbR,Splitscreen
113,ldlPFC,0.007096574483182276,HbR,Splitscreen
113,rTPJ,0.027162073281743502,HbR,Splitscreen
113,rdlPFC,-0.01706994528493862,HbR,Splitscreen
113,vmPFC,-0.04040594255648163,HbR,Splitscreen
114,dmPFC,-0.00822648771947346,HbR,Splitscreen
114,lTPJ,0.006353729163838369,HbR,Splitscreen
114,ldlPFC,-0.023700095860162883,HbR,Splitscreen
114,rTPJ,0.003955085851258981,HbR,Splitscreen
114,rdlPFC,0.023642484893227653,HbR,Splitscreen
114,vmPFC,-0.00860738995044705,HbR,Splitscreen
12,dmPFC,0.006026462998347694,HbR,Splitscreen
12,lTPJ,0.0050869640082311625,HbR,Splitscreen
12,ldlPFC,-0.0034862733745446416,HbR,Splitscreen
12,rTPJ,0.04503230038315203,HbR,Splitscreen
12,rdlPFC,-0.0064052908815527,HbR,Splitscreen
12,vmPFC,0.02430049565977093,HbR,Splitscreen
13,dmPFC,-0.027898450197694442,HbR,Splitscreen
13,lTPJ,0.010239520335873836,HbR,Splitscreen
13,ldlPFC,-0.008693749440171528,HbR,Splitscreen
13,rTPJ,0.03131353747300207,HbR,Splitscreen
13,rdlPFC,0.020130365972825075,HbR,Splitscreen
13,vmPFC,-0.02248479511238156,HbR,Splitscreen
14,dmPFC,-0.014286623938420092,HbR,Splitscreen
14,lTPJ,0.018067312705882285,HbR,Splitscreen
14,ldlPFC,-0.016713966777627286,HbR,Splitscreen
14,rTPJ,0.0219433868914804,HbR,Splitscreen
14,rdlPFC,0.017772754653329153,HbR,Splitscreen
14,vmPFC,-0.022223492170037305,HbR,Splitscreen
15,dmPFC,0.013107217145693512,HbR,Splitscreen
15,lTPJ,0.00900302107088799,HbR,Splitscreen
15,ldlPFC,0.013116696489138257,HbR,Splitscreen
15,rTPJ,0.04476261246939806,HbR,Splitscreen
15,rdlPFC,0.02005712615433885,HbR,Splitscreen
15,vmPFC,-0.00632330517752973,HbR,Splitscreen
16,dmPFC,0.03588844843174859,HbR,Splitscreen
16,lTPJ,-0.004391190600301872,HbR,Splitscreen
16,ldlPFC,0.028681509817223838,HbR,Splitscreen
16,rTPJ,0.04015411163956685,HbR,Splitscreen
16,rdlPFC,0.017606679453080202,HbR,Splitscreen
16,vmPFC,0.024519454828332416,HbR,Splitscreen
17,dmPFC,-0.014376281604827455,HbR,Splitscreen
17,lTPJ,0.01671468151639159,HbR,Splitscreen
17,ldlPFC,0.014611685091058603,HbR,Splitscreen
17,rTPJ,0.0501371906411627,HbR,Splitscreen
17,rdlPFC,0.015480697865583065,HbR,Splitscreen
17,vmPFC,-0.01826039207968677,HbR,Splitscreen
18,dmPFC,-0.017775397547610438,HbR,Splitscreen
18,lTPJ,0.04492767100282113,HbR,Splitscreen
18,ldlPFC,0.0085852316328766,HbR,Splitscreen
18,rTPJ,-0.00675643776118021,HbR,Splitscreen
18,rdlPFC,-0.0018654139580932413,HbR,Splitscreen
18,vmPFC,-0.014395807120994707,HbR,Splitscreen
19,dmPFC,-0.014595755314228465,HbR,Splitscreen
19,lTPJ,0.011955561205882145,HbR,Splitscreen
19,ldlPFC,0.011972742355473734,HbR,Splitscreen
19,rTPJ,0.06438181247684249,HbR,Splitscreen
19,rdlPFC,-0.025764176540901344,HbR,Splitscreen
19,vmPFC,0.04289904120178325,HbR,Splitscreen
20,dmPFC,0.002813807050189521,HbR,Splitscreen
20,lTPJ,-0.037412677438836604,HbR,Splitscreen
20,ldlPFC,-0.046549309387242395,HbR,Splitscreen
20,rTPJ,0.0184638782944802,HbR,Splitscreen
20,rdlPFC,-0.03340070736550501,HbR,Splitscreen
20,vmPFC,-0.0015954557371754864,HbR,Splitscreen
21,dmPFC,0.03414936741248161,HbR,Splitscreen
21,lTPJ,0.034045784410907075,HbR,Splitscreen
21,ldlPFC,0.038252128372171026,HbR,Splitscreen
21,rTPJ,0.03675108712520095,HbR,Splitscreen
21,rdlPFC,0.005025443643746841,HbR,Splitscreen
21,vmPFC,0.014272262447151088,HbR,Splitscreen
22,dmPFC,-5.106074913680637e-4,HbR,Splitscreen
22,rTPJ,0.06568119473471638,HbR,Splitscreen
22,rdlPFC,-0.008110029165313209,HbR,Splitscreen
22,vmPFC,-0.029266808106100342,HbR,Splitscreen
23,dmPFC,0.008641605838007787,HbR,Splitscreen
23,lTPJ,-0.026735381749591787,HbR,Splitscreen
23,ldlPFC,0.04264261406474385,HbR,Splitscreen
23,rTPJ,2.3335916335280084e-5,HbR,Splitscreen
23,rdlPFC,0.006795069770799701,HbR,Splitscreen
23,vmPFC,0.03795730344430879,HbR,Splitscreen
24,dmPFC,0.016353337322741728,HbR,Splitscreen
24,lTPJ,0.013617696336274781,HbR,Splitscreen
24,ldlPFC,-0.0023171098162908083,HbR,Splitscreen
24,rTPJ,0.02235278763257142,HbR,Splitscreen
24,rdlPFC,-2.0976978741074654e-5,HbR,Splitscreen
24,vmPFC,-0.007831413519694212,HbR,Splitscreen
25,dmPFC,-0.043184546423110474,HbR,Splitscreen
25,lTPJ,-0.013071048376932765,HbR,Splitscreen
25,ldlPFC,0.011385972028372177,HbR,Splitscreen
25,rTPJ,-0.048753793878505036,HbR,Splitscreen
25,rdlPFC,0.003880055104287768,HbR,Splitscreen
25,vmPFC,-0.002874992286722235,HbR,Splitscreen
26,dmPFC,-0.010752819991801334,HbR,Splitscreen
26,lTPJ,-0.007267732022253763,HbR,Splitscreen
26,ldlPFC,-0.010941259952675812,HbR,Splitscreen
26,rTPJ,-0.009950698043375885,HbR,Splitscreen
26,rdlPFC,0.021319035546689548,HbR,Splitscreen
26,vmPFC,-0.008348713572270667,HbR,Splitscreen
27,dmPFC,0.006671055315469789,HbR,Splitscreen
27,lTPJ,0.01363025369705875,HbR,Splitscreen
27,ldlPFC,0.029293630697517024,HbR,Splitscreen
27,rTPJ,0.02113812444261373,HbR,Splitscreen
27,rdlPFC,0.011647684930367122,HbR,Splitscreen
27,vmPFC,0.020810706614517376,HbR,Splitscreen
28,dmPFC,-0.008345806513280419,HbR,Splitscreen
28,lTPJ,0.017048869311394273,HbR,Splitscreen
28,ldlPFC,0.03096216829372845,HbR,Splitscreen
28,rTPJ,-3.5021958994308303e-5,HbR,Splitscreen
28,rdlPFC,0.022329841516219112,HbR,Splitscreen
28,vmPFC,0.03358619357360135,HbR,Splitscreen
29,dmPFC,-0.014074924295735274,HbR,Splitscreen
29,lTPJ,-2.4250576419178197e-4,HbR,Splitscreen
29,ldlPFC,-0.013969123591771592,HbR,Splitscreen
29,rTPJ,0.01794785585822102,HbR,Splitscreen
29,rdlPFC,-0.01899913136659283,HbR,Splitscreen
29,vmPFC,0.0010410305442496617,HbR,Splitscreen
30,dmPFC,-0.01874605647725884,HbR,Splitscreen
30,lTPJ,0.01319554440456051,HbR,Splitscreen
30,ldlPFC,0.05351613723088825,HbR,Splitscreen
30,rTPJ,0.030626582805817294,HbR,Splitscreen
30,rdlPFC,-0.010836513915031903,HbR,Splitscreen
30,vmPFC,0.019689310784311024,HbR,Splitscreen
31,dmPFC,-0.02059207226938994,HbR,Splitscreen
31,lTPJ,0.0051260921785369375,HbR,Splitscreen
31,ldlPFC,0.015401067792130392,HbR,Splitscreen
31,rTPJ,-0.060339751021145124,HbR,Splitscreen
31,rdlPFC,0.010713127166395907,HbR,Splitscreen
31,vmPFC,0.0013879933582105163,HbR,Splitscreen
32,dmPFC,-0.02341245562898207,HbR,Splitscreen
32,lTPJ,0.022435755113622054,HbR,Splitscreen
32,ldlPFC,-0.0028616452569000823,HbR,Splitscreen
32,rTPJ,0.06549047370410403,HbR,Splitscreen
32,rdlPFC,0.0026104226726735417,HbR,Splitscreen
32,vmPFC,0.011347514125544656,HbR,Splitscreen
33,dmPFC,-0.01684589385159301,HbR,Splitscreen
33,lTPJ,0.013579079928130447,HbR,Splitscreen
33,ldlPFC,0.051286804145358696,HbR,Splitscreen
33,rTPJ,0.026946997850489304,HbR,Splitscreen
33,rdlPFC,0.011501404265504151,HbR,Splitscreen
33,vmPFC,0.02620068458522899,HbR,Splitscreen
34,dmPFC,0.03270836528098639,HbR,Splitscreen
34,lTPJ,0.02313729344254914,HbR,Splitscreen
34,ldlPFC,0.008022116815177865,HbR,Splitscreen
34,rTPJ,0.029987040447380924,HbR,Splitscreen
34,rdlPFC,0.008100203478906725,HbR,Splitscreen
34,vmPFC,0.012392506943150788,HbR,Splitscreen
35,dmPFC,-0.0030083910209656116,HbR,Splitscreen
35,lTPJ,0.05554166216190978,HbR,Splitscreen
35,ldlPFC,0.009666158985200301,HbR,Splitscreen
35,rTPJ,0.12911825437910684,HbR,Splitscreen
35,rdlPFC,-0.0011656513298219206,HbR,Splitscreen
35,vmPFC,0.006621974131755209,HbR,Splitscreen
36,dmPFC,0.0038637318392055774,HbR,Splitscreen
36,ldlPFC,0.019529536774338305,HbR,Splitscreen
36,rTPJ,0.020357487256031613,HbR,Splitscreen
36,rdlPFC,-0.009430843378672126,HbR,Splitscreen
36,vmPFC,0.027167248000806308,HbR,Splitscreen
37,dmPFC,5.06434795164172e-4,HbR,Splitscreen
37,lTPJ,0.006614017381224456,HbR,Splitscreen
37,ldlPFC,-0.010054759079441063,HbR,Splitscreen
37,rTPJ,0.013250665663473193,HbR,Splitscreen
37,rdlPFC,-0.020743385357703502,HbR,Splitscreen
37,vmPFC,-0.012149321110655186,HbR,Splitscreen
40,dmPFC,0.0021925166753006737,HbR,Splitscreen
40,lTPJ,0.015295785265114385,HbR,Splitscreen
40,ldlPFC,0.01580717804152595,HbR,Splitscreen
40,rTPJ,0.017684058093428396,HbR,Splitscreen
40,rdlPFC,0.02379238004063633,HbR,Splitscreen
40,vmPFC,-7.085713508024883e-4,HbR,Splitscreen
41,dmPFC,0.02509729045127979,HbR,Splitscreen
41,lTPJ,0.0192934795253155,HbR,Splitscreen
41,ldlPFC,0.038544783993628914,HbR,Splitscreen
41,rTPJ,0.03624563766224568,HbR,Splitscreen
41,rdlPFC,0.01771623861407077,HbR,Splitscreen
41,vmPFC,-0.012985377576847687,HbR,Splitscreen
42,dmPFC,-0.020369168623254955,HbR,Splitscreen
42,lTPJ,-0.01367676937228003,HbR,Splitscreen
42,ldlPFC,0.01886333890701281,HbR,Splitscreen
42,rTPJ,-0.017425745376988672,HbR,Splitscreen
42,rdlPFC,0.013704951637941555,HbR,Splitscreen
42,vmPFC,-0.013384783322451226,HbR,Splitscreen
43,dmPFC,0.01125674887330111,HbR,Splitscreen
43,lTPJ,0.002063619946083958,HbR,Splitscreen
43,ldlPFC,0.001238758629437428,HbR,Splitscreen
43,rTPJ,0.011009439125903285,HbR,Splitscreen
43,rdlPFC,0.0020711632878345327,HbR,Splitscreen
43,vmPFC,-0.007864507260638014,HbR,Splitscreen
44,dmPFC,0.01535435674518934,HbR,Splitscreen
44,lTPJ,0.004166303721745132,HbR,Splitscreen
44,ldlPFC,2.2818384518561824e-4,HbR,Splitscreen
44,rdlPFC,-0.0023976082556272245,HbR,Splitscreen
44,vmPFC,0.009681532222808624,HbR,Splitscreen
45,dmPFC,0.01183720669012009,HbR,Splitscreen
45,lTPJ,-0.014657311201739322,HbR,Splitscreen
45,ldlPFC,-0.019194751700051912,HbR,Splitscreen
45,rTPJ,0.05398041659087016,HbR,Splitscreen
45,rdlPFC,0.007043233356885296,HbR,Splitscreen
45,vmPFC,0.0024227676323360092,HbR,Splitscreen
46,dmPFC,0.01915651727349293,HbR,Splitscreen
46,lTPJ,-0.007340606128566072,HbR,Splitscreen
46,ldlPFC,0.02471421335988641,HbR,Splitscreen
46,rTPJ,-0.001756494043165658,HbR,Splitscreen
46,rdlPFC,0.023662504503660465,HbR,Splitscreen
46,vmPFC,0.018623037439877158,HbR,Splitscreen
47,dmPFC,0.0035822542909008316,HbR,Splitscreen
47,ldlPFC,0.023488274030664596,HbR,Splitscreen
47,rdlPFC,-0.03432092873536524,HbR,Splitscreen
47,vmPFC,0.012808256235718175,HbR,Splitscreen
50,dmPFC,0.04161071266280414,HbR,Splitscreen
50,lTPJ,0.018966539047338075,HbR,Splitscreen
50,ldlPFC,0.0017892048949052256,HbR,Splitscreen
50,rTPJ,0.05090811482459631,HbR,Splitscreen
50,rdlPFC,0.006638305529380472,HbR,Splitscreen
50,vmPFC,0.010319464810700327,HbR,Splitscreen
52,dmPFC,0.025876601394933616,HbR,Splitscreen
52,lTPJ,0.02900041461424286,HbR,Splitscreen
52,ldlPFC,-0.0017098303360310546,HbR,Splitscreen
52,rTPJ,0.012840854246830152,HbR,Splitscreen
52,rdlPFC,0.021968659848781647,HbR,Splitscreen
52,vmPFC,0.03115914886567759,HbR,Splitscreen
64,dmPFC,0.007353983564020716,HbR,Splitscreen
64,lTPJ,-0.012071515809758905,HbR,Splitscreen
64,ldlPFC,-0.004538773047877363,HbR,Splitscreen
64,rTPJ,0.015872457112629922,HbR,Splitscreen
64,rdlPFC,0.00863387112472446,HbR,Splitscreen
64,vmPFC,0.0168907900177905,HbR,Splitscreen
65,dmPFC,-0.013184921859134939,HbR,Splitscreen
65,lTPJ,0.0069767134666938535,HbR,Splitscreen
65,ldlPFC,0.01663417962240373,HbR,Splitscreen
65,rTPJ,-8.070517163101039e-4,HbR,Splitscreen
65,rdlPFC,0.019543970843295132,HbR,Splitscreen
65,vmPFC,0.0058200491892197595,HbR,Splitscreen
66,dmPFC,0.020777066405435196,HbR,Splitscreen
66,lTPJ,-0.005944045464895738,HbR,Splitscreen
66,ldlPFC,0.02310994593229643,HbR,Splitscreen
66,rTPJ,-0.029242778608068187,HbR,Splitscreen
66,rdlPFC,-0.0016455838071521066,HbR,Splitscreen
66,vmPFC,0.016320258883729736,HbR,Splitscreen
69,lTPJ,-0.01308488773549564,HbR,Splitscreen
69,ldlPFC,-0.013602942083211566,HbR,Splitscreen
69,rTPJ,-0.005535802488312403,HbR,Splitscreen
69,rdlPFC,-0.02052506516053669,HbR,Splitscreen
69,vmPFC,0.006246836671510785,HbR,Splitscreen
70,dmPFC,-0.011975050454474069,HbR,Splitscreen
70,lTPJ,-0.01818325503188716,HbR,Splitscreen
70,ldlPFC,0.009044022405629109,HbR,Splitscreen
70,rTPJ,-0.0015780117446216229,HbR,Splitscreen
70,rdlPFC,0.01358655363158072,HbR,Splitscreen
70,vmPFC,-0.0017293690078437145,HbR,Splitscreen
71,dmPFC,-7.070573057790954e-4,HbR,Splitscreen
71,lTPJ,-0.04972273904272706,HbR,Splitscreen
71,ldlPFC,-0.011180641898056464,HbR,Splitscreen
71,rTPJ,-0.013121092040767248,HbR,Splitscreen
71,rdlPFC,-0.029274004860391858,HbR,Splitscreen
71,vmPFC,-0.030990787853615354,HbR,Splitscreen
73,dmPFC,-0.0027527144772397576,HbR,Splitscreen
73,lTPJ,0.057727307275723685,HbR,Splitscreen
73,ldlPFC,-7.269892822021822e-4,HbR,Splitscreen
73,rTPJ,0.0963659740906188,HbR,Splitscreen
73,rdlPFC,0.04017490109762104,HbR,Splitscreen
73,vmPFC,-0.0077062915105294,HbR,Splitscreen
75,dmPFC,Inf,HbR,Splitscreen
75,lTPJ,Inf,HbR,Splitscreen
75,ldlPFC,Inf,HbR,Splitscreen
75,rTPJ,Inf,HbR,Splitscreen
75,rdlPFC,0.18400170036333025,HbR,Splitscreen
75,vmPFC,Inf,HbR,Splitscreen
80,dmPFC,-0.005748140687229271,HbR,Splitscreen
80,lTPJ,-0.01689131659821312,HbR,Splitscreen
80,ldlPFC,-0.006386964479745652,HbR,Splitscreen
80,rTPJ,0.08242394609716712,HbR,Splitscreen
80,rdlPFC,-0.007545581860773405,HbR,Splitscreen
80,vmPFC,0.00656310565030674,HbR,Splitscreen
81,dmPFC,-0.019779704503517754,HbR,Splitscreen
81,lTPJ,0.026938599033110806,HbR,Splitscreen
81,ldlPFC,0.015307625365389078,HbR,Splitscreen
81,rTPJ,0.06689824786234537,HbR,Splitscreen
81,rdlPFC,-0.003992847770598673,HbR,Splitscreen
81,vmPFC,-0.034610344595311746,HbR,Splitscreen
82,dmPFC,-6.741159865606302e-4,HbR,Splitscreen
82,lTPJ,0.046144823617441356,HbR,Splitscreen
82,ldlPFC,0.026516185103598707,HbR,Splitscreen
82,rTPJ,0.030232782656636672,HbR,Splitscreen
82,rdlPFC,0.014541901594560687,HbR,Splitscreen
82,vmPFC,-0.006327657605849809,HbR,Splitscreen
84,dmPFC,0.004423227540491539,HbR,Splitscreen
84,lTPJ,-0.010356180749621184,HbR,Splitscreen
84,ldlPFC,-0.030055379252714225,HbR,Splitscreen
84,rTPJ,0.036311365151242496,HbR,Splitscreen
84,rdlPFC,0.007183395074236313,HbR,Splitscreen
84,vmPFC,0.013897963519766451,HbR,Splitscreen
86,dmPFC,-0.0023308186607074537,HbR,Splitscreen
86,lTPJ,0.02392118900034,HbR,Splitscreen
86,ldlPFC,0.0071822193666810415,HbR,Splitscreen
86,rTPJ,0.08596339996554417,HbR,Splitscreen
86,rdlPFC,0.007275684982061831,HbR,Splitscreen
86,vmPFC,0.03675557361056016,HbR,Splitscreen
87,dmPFC,-0.003967210586360321,HbR,Splitscreen
87,lTPJ,-0.010786053593412363,HbR,Splitscreen
87,ldlPFC,-0.020102329962440258,HbR,Splitscreen
87,rTPJ,0.04474359554566508,HbR,Splitscreen
87,rdlPFC,-0.010159480928595867,HbR,Splitscreen
87,vmPFC,0.008590072263476103,HbR,Splitscreen
88,dmPFC,0.016184672887902173,HbR,Splitscreen
88,lTPJ,0.0296478791370101,HbR,Splitscreen
88,ldlPFC,0.00643201418604603,HbR,Splitscreen
88,rTPJ,0.04126779856806372,HbR,Splitscreen
88,rdlPFC,0.021046393672424737,HbR,Splitscreen
88,vmPFC,0.01868777416194079,HbR,Splitscreen
89,dmPFC,-0.006721261857012309,HbR,Splitscreen
89,lTPJ,0.022263394500599675,HbR,Splitscreen
89,ldlPFC,0.009305587434345996,HbR,Splitscreen
89,rTPJ,0.024688032498766728,HbR,Splitscreen
89,rdlPFC,0.012810920010965818,HbR,Splitscreen
89,vmPFC,0.0032270021011454406,HbR,Splitscreen
90,dmPFC,-3.12797921883088e-4,HbR,Splitscreen
90,lTPJ,0.025106854803640753,HbR,Splitscreen
90,ldlPFC,-0.001520945967508143,HbR,Splitscreen
90,rTPJ,0.018509839127540936,HbR,Splitscreen
90,rdlPFC,-0.005781547889768127,HbR,Splitscreen
90,vmPFC,-0.01351401334395362,HbR,Splitscreen
91,dmPFC,0.005103445306698889,HbR,Splitscreen
91,lTPJ,0.03706563510984739,HbR,Splitscreen
91,ldlPFC,-2.3681417076022455e-4,HbR,Splitscreen
91,rTPJ,0.03247510275988245,HbR,Splitscreen
91,rdlPFC,0.012484471723900355,HbR,Splitscreen
91,vmPFC,0.0058148293945812606,HbR,Splitscreen
92,dmPFC,-0.004786481518869172,HbR,Splitscreen
92,lTPJ,0.03673513685825123,HbR,Splitscreen
92,ldlPFC,4.365999544586051e-4,HbR,Splitscreen
92,rTPJ,-0.006568160897250932,HbR,Splitscreen
92,rdlPFC,0.022764911593287217,HbR,Splitscreen
92,vmPFC,-0.016331760536333846,HbR,Splitscreen
93,dmPFC,0.01348398442458533,HbR,Splitscreen
93,lTPJ,-0.002568499707004016,HbR,Splitscreen
93,ldlPFC,0.002113148448391923,HbR,Splitscreen
93,rTPJ,0.031120310904874292,HbR,Splitscreen
93,rdlPFC,0.008565633931955734,HbR,Splitscreen
93,vmPFC,-0.02829314292399003,HbR,Splitscreen
94,dmPFC,0.0200294288663299,HbR,Splitscreen
94,lTPJ,-0.0051217036921351695,HbR,Splitscreen
94,ldlPFC,0.04036406082834253,HbR,Splitscreen
94,rTPJ,-0.005737056643297992,HbR,Splitscreen
94,rdlPFC,1.3675037407507033e-4,HbR,Splitscreen
94,vmPFC,-6.103916472381024e-4,HbR,Splitscreen
95,dmPFC,0.0046449143879080165,HbR,Splitscreen
95,lTPJ,0.045657762319061074,HbR,Splitscreen
95,ldlPFC,0.014131858749442639,HbR,Splitscreen
95,rTPJ,0.038586836699851336,HbR,Splitscreen
95,rdlPFC,0.011232915080956675,HbR,Splitscreen
95,vmPFC,-0.031638088302888334,HbR,Splitscreen
96,dmPFC,0.009399536508632305,HbR,Splitscreen
96,lTPJ,0.03661058499741522,HbR,Splitscreen
96,ldlPFC,0.024047612053124834,HbR,Splitscreen
96,rTPJ,0.03995954760026557,HbR,Splitscreen
96,rdlPFC,0.009296062929869326,HbR,Splitscreen
96,vmPFC,0.015018979911818773,HbR,Splitscreen
97,dmPFC,-0.004095364049649155,HbR,Splitscreen
97,lTPJ,0.019750453503809568,HbR,Splitscreen
97,ldlPFC,-0.0047676008033772635,HbR,Splitscreen
97,rTPJ,0.022664950656632703,HbR,Splitscreen
97,rdlPFC,0.018494515074375533,HbR,Splitscreen
97,vmPFC,0.028826761640884335,HbR,Splitscreen
98,dmPFC,-0.026231338853782697,HbR,Splitscreen
98,lTPJ,-0.024703586824782922,HbR,Splitscreen
98,ldlPFC,0.027994454367330897,HbR,Splitscreen
98,rTPJ,-0.03763479822036045,HbR,Splitscreen
98,rdlPFC,0.0018872229440679037,HbR,Splitscreen
98,vmPFC,0.025658971101502955,HbR,Splitscreen
99,dmPFC,-0.020697747528140676,HbR,Splitscreen
99,lTPJ,0.006991315892018577,HbR,Splitscreen
99,ldlPFC,-0.0033269657861958297,HbR,Splitscreen
99,rTPJ,-0.024441767960182915,HbR,Splitscreen
99,rdlPFC,3.5490340005548494e-4,HbR,Splitscreen
99,vmPFC,0.038748904957604455,HbR,Splitscreen
